BarCode,Product Name,SKU,Collection,SIZE,Sale Price,Cost Price,Collection Description,Collection Discount,Tax Percentage,STATUS
5071502313,Arianna ,TS-CO-03,TS.CO-ORDS,XS,"  5,990 ","  5,990 ",2-PIECE CO-ORDS,35%,0%,ACTIVE
5071502314,Arianna ,TS-CO-03,TS.CO-ORDS,S,"  5,990 ","  5,990 ",2-PIECE CO-ORDS,35%,0%,ACTIVE
5071502315,Arianna ,TS-CO-03,TS.CO-ORDS,M,"  5,990 ","  5,990 ",2-PIECE CO-ORDS,35%,0%,ACTIVE
5071502316,Arianna ,TS-CO-03,TS.CO-ORDS,L,"  5,990 ","  5,990 ",2-PIECE CO-ORDS,35%,0%,ACTIVE
5071502317,Chiara,TS-CO-01,TS.CO-ORDS,XS,"  5,990 ","  5,990 ",2-PIECE CO-ORDS,35%,0%,ACTIVE
5071502318,Chiara,TS-CO-01,TS.CO-ORDS,S,"  5,990 ","  5,990 ",2-PIECE CO-ORDS,35%,0%,ACTIVE
5071502319,Chiara,TS-CO-01,TS.CO-ORDS,M,"  5,990 ","  5,990 ",2-PIECE CO-ORDS,35%,0%,ACTIVE
5071502320,Chiara,TS-CO-01,TS.CO-ORDS,L,"  5,990 ","  5,990 ",2-PIECE CO-ORDS,35%,0%,ACTIVE
5071502321,Alessia,TS-CO-02,TS.CO-ORDS,XS,"  5,990 ","  5,990 ",2-PIECE CO-ORDS,35%,0%,ACTIVE
5071502322,Alessia,TS-CO-02,TS.CO-ORDS,S,"  5,990 ","  5,990 ",2-PIECE CO-ORDS,35%,0%,ACTIVE
5071502323,Alessia,TS-CO-02,TS.CO-ORDS,M,"  5,990 ","  5,990 ",2-PIECE CO-ORDS,35%,0%,ACTIVE
5071502324,Alessia,TS-CO-02,TS.CO-ORDS,L,"  5,990 ","  5,990 ",2-PIECE CO-ORDS,35%,0%,ACTIVE
5071502325,Viola,TS-CO-04,TS.CO-ORDS,XS,"  5,990 ","  5,990 ",2-PIECE CO-ORDS,35%,0%,ACTIVE
5071502326,Viola,TS-CO-04,TS.CO-ORDS,S,"  5,990 ","  5,990 ",2-PIECE CO-ORDS,35%,0%,ACTIVE
5071502327,Viola,TS-CO-04,TS.CO-ORDS,M,"  5,990 ","  5,990 ",2-PIECE CO-ORDS,35%,0%,ACTIVE
5071502328,Viola,TS-CO-04,TS.CO-ORDS,L,"  5,990 ","  5,990 ",2-PIECE CO-ORDS,35%,0%,ACTIVE
5071502329,Aurora ,TS-CO-05,TS.CO-ORDS,XS,"  5,990 ","  5,990 ",2-PIECE CO-ORDS,35%,0%,ACTIVE
5071502330,Aurora ,TS-CO-05,TS.CO-ORDS,S,"  5,990 ","  5,990 ",2-PIECE CO-ORDS,35%,0%,ACTIVE
5071502331,Aurora ,TS-CO-05,TS.CO-ORDS,M,"  5,990 ","  5,990 ",2-PIECE CO-ORDS,35%,0%,ACTIVE
5071502332,Aurora ,TS-CO-05,TS.CO-ORDS,L,"  5,990 ","  5,990 ",2-PIECE CO-ORDS,35%,0%,ACTIVE
5071502333,Sofia,TS-CO-06,TS.CO-ORDS,XS,"  5,990 ","  5,990 ",2-PIECE CO-ORDS,35%,0%,ACTIVE
5071502334,Sofia,TS-CO-06,TS.CO-ORDS,S,"  5,990 ","  5,990 ",2-PIECE CO-ORDS,35%,0%,ACTIVE
5071502335,Sofia,TS-CO-06,TS.CO-ORDS,M,"  5,990 ","  5,990 ",2-PIECE CO-ORDS,35%,0%,ACTIVE
5071502336,Sofia,TS-CO-06,TS.CO-ORDS,L,"  5,990 ","  5,990 ",2-PIECE CO-ORDS,35%,0%,ACTIVE
5071502337,Luna,TS-CO-07,TS.CO-ORDS,XS,"  5,990 ","  5,990 ",2-PIECE CO-ORDS,35%,0%,ACTIVE
5071502338,Luna,TS-CO-07,TS.CO-ORDS,S,"  5,990 ","  5,990 ",2-PIECE CO-ORDS,35%,0%,ACTIVE
5071502339,Luna,TS-CO-07,TS.CO-ORDS,M,"  5,990 ","  5,990 ",2-PIECE CO-ORDS,35%,0%,ACTIVE
5071502340,Luna,TS-CO-07,TS.CO-ORDS,L,"  5,990 ","  5,990 ",2-PIECE CO-ORDS,35%,0%,ACTIVE
5071502341,Isabella,TS-CO-08,TS.CO-ORDS,XS,"  5,990 ","  5,990 ",2-PIECE CO-ORDS,35%,0%,ACTIVE
5071502342,Isabella,TS-CO-08,TS.CO-ORDS,S,"  5,990 ","  5,990 ",2-PIECE CO-ORDS,35%,0%,ACTIVE
5071502343,Isabella,TS-CO-08,TS.CO-ORDS,M,"  5,990 ","  5,990 ",2-PIECE CO-ORDS,35%,0%,ACTIVE
5071502344,Isabella,TS-CO-08,TS.CO-ORDS,L,"  5,990 ","  5,990 ",2-PIECE CO-ORDS,35%,0%,ACTIVE
5071502345,Natashaa,TS-CO-09,TS.CO-ORDS,XS,"  5,990 ","  5,990 ",2-PIECE CO-ORDS,35%,0%,ACTIVE
5071502346,Natashaa,TS-CO-09,TS.CO-ORDS,S,"  5,990 ","  5,990 ",2-PIECE CO-ORDS,35%,0%,ACTIVE
5071502347,Natashaa,TS-CO-09,TS.CO-ORDS,M,"  5,990 ","  5,990 ",2-PIECE CO-ORDS,35%,0%,ACTIVE
5071502348,Natashaa,TS-CO-09,TS.CO-ORDS,L,"  5,990 ","  5,990 ",2-PIECE CO-ORDS,35%,0%,ACTIVE
5071502349,Finah,TS-CO-10,TS.CO-ORDS,XS,"  5,990 ","  5,990 ",2-PIECE CO-ORDS,35%,0%,ACTIVE
5071502350,Finah,TS-CO-10,TS.CO-ORDS,S,"  5,990 ","  5,990 ",2-PIECE CO-ORDS,35%,0%,ACTIVE
5071502351,Finah,TS-CO-10,TS.CO-ORDS,M,"  5,990 ","  5,990 ",2-PIECE CO-ORDS,35%,0%,ACTIVE
5071502352,Finah,TS-CO-10,TS.CO-ORDS,L,"  5,990 ","  5,990 ",2-PIECE CO-ORDS,35%,0%,ACTIVE
5071502353,Lyra ,TS-CO-11,TS.CO-ORDS,XS,"  5,990 ","  5,990 ",2-PIECE CO-ORDS,35%,0%,ACTIVE
5071502354,Lyra ,TS-CO-11,TS.CO-ORDS,S,"  5,990 ","  5,990 ",2-PIECE CO-ORDS,35%,0%,ACTIVE
5071502355,Lyra ,TS-CO-11,TS.CO-ORDS,M,"  5,990 ","  5,990 ",2-PIECE CO-ORDS,35%,0%,ACTIVE
5071502356,Lyra ,TS-CO-11,TS.CO-ORDS,L,"  5,990 ","  5,990 ",2-PIECE CO-ORDS,35%,0%,ACTIVE
5071502357,Rohee ,TS-CO-12,TS.CO-ORDS,XS,"  5,990 ","  5,990 ",2-PIECE CO-ORDS,35%,0%,ACTIVE
5071502358,Rohee ,TS-CO-12,TS.CO-ORDS,S,"  5,990 ","  5,990 ",2-PIECE CO-ORDS,35%,0%,ACTIVE
5071502359,Rohee ,TS-CO-12,TS.CO-ORDS,M,"  5,990 ","  5,990 ",2-PIECE CO-ORDS,35%,0%,ACTIVE
5071502360,Rohee ,TS-CO-12,TS.CO-ORDS,L,"  5,990 ","  5,990 ",2-PIECE CO-ORDS,35%,0%,ACTIVE
5071502361,Amira,TS-CO-13,TS.CO-ORDS,XS,"  5,990 ","  5,990 ",2-PIECE CO-ORDS,35%,0%,ACTIVE
5071502362,Amira,TS-CO-13,TS.CO-ORDS,S,"  5,990 ","  5,990 ",2-PIECE CO-ORDS,35%,0%,ACTIVE
5071502363,Amira,TS-CO-13,TS.CO-ORDS,M,"  5,990 ","  5,990 ",2-PIECE CO-ORDS,35%,0%,ACTIVE
5071502364,Amira,TS-CO-13,TS.CO-ORDS,L,"  5,990 ","  5,990 ",2-PIECE CO-ORDS,35%,0%,ACTIVE
5071502365,Zayna,TS-CO-14,TS.CO-ORDS,XS,"  5,990 ","  5,990 ",2-PIECE CO-ORDS,35%,0%,ACTIVE
5071502366,Zayna,TS-CO-14,TS.CO-ORDS,S,"  5,990 ","  5,990 ",2-PIECE CO-ORDS,35%,0%,ACTIVE
5071502367,Zayna,TS-CO-14,TS.CO-ORDS,M,"  5,990 ","  5,990 ",2-PIECE CO-ORDS,35%,0%,ACTIVE
5071502368,Zayna,TS-CO-14,TS.CO-ORDS,L,"  5,990 ","  5,990 ",2-PIECE CO-ORDS,35%,0%,ACTIVE
5071502369,Mystique,TS-CO-15,TS.CO-ORDS,XS,"  5,990 ","  5,990 ",2-PIECE CO-ORDS,35%,0%,ACTIVE
5071502370,Mystique,TS-CO-15,TS.CO-ORDS,S,"  5,990 ","  5,990 ",2-PIECE CO-ORDS,35%,0%,ACTIVE
5071502371,Mystique,TS-CO-15,TS.CO-ORDS,M,"  5,990 ","  5,990 ",2-PIECE CO-ORDS,35%,0%,ACTIVE
5071502372,Mystique,TS-CO-15,TS.CO-ORDS,L,"  5,990 ","  5,990 ",2-PIECE CO-ORDS,35%,0%,ACTIVE
5071502373,Simber,TS-CO-16,TS.CO-ORDS,XS,"  5,990 ","  5,990 ",2-PIECE CO-ORDS,35%,0%,ACTIVE
5071502374,Simber,TS-CO-16,TS.CO-ORDS,S,"  5,990 ","  5,990 ",2-PIECE CO-ORDS,35%,0%,ACTIVE
5071502375,Simber,TS-CO-16,TS.CO-ORDS,M,"  5,990 ","  5,990 ",2-PIECE CO-ORDS,35%,0%,ACTIVE
5071502376,Simber,TS-CO-16,TS.CO-ORDS,L,"  5,990 ","  5,990 ",2-PIECE CO-ORDS,35%,0%,ACTIVE
5071502377,Natashaa,TS-CO-09,TS.CO-ORDS,S,"  5,990 ","  5,990 ",2-PIECE CO-ORDS,35%,0%,ACTIVE
5071502378,Seljan ,FCZ-07,ZUMRA,XS,"  19,999 ","  19,999 ",3-PIECE LUXURY,25%,0%,ACTIVE
5071502379,Seljan ,FCZ-07,ZUMRA,S,"  19,999 ","  19,999 ",3-PIECE LUXURY,25%,0%,ACTIVE
5071502380,Seljan ,FCZ-07,ZUMRA,M,"  19,999 ","  19,999 ",3-PIECE LUXURY,25%,0%,ACTIVE
5071502381,Seljan ,FCZ-07,ZUMRA,L,"  19,999 ","  19,999 ",3-PIECE LUXURY,25%,0%,ACTIVE
5071502382,Pınar ,FCZ-13,ZUMRA,XS,"  17,999 ","  17,999 ",3-PIECE LUXURY,25%,0%,ACTIVE
5071502383,Pınar ,FCZ-13,ZUMRA,S,"  17,999 ","  17,999 ",3-PIECE LUXURY,25%,0%,ACTIVE
5071502384,Pınar ,FCZ-13,ZUMRA,M,"  17,999 ","  17,999 ",3-PIECE LUXURY,25%,0%,ACTIVE
5071502385,Pınar ,FCZ-13,ZUMRA,L,"  17,999 ","  17,999 ",3-PIECE LUXURY,25%,0%,ACTIVE
5071502386,Dilara,FCZ-14,ZUMRA,M,"  25,999 ","  25,999 ",3-PIECE LUXURY,25%,0%,ACTIVE
5071502387,Dilara,FCZ-14,ZUMRA,L,"  25,999 ","  25,999 ",3-PIECE LUXURY,25%,0%,ACTIVE
5071502388,Feride ,FCZ-09,ZUMRA,XS,"  16,999 ","  16,999 ",3-PIECE LUXURY,25%,0%,ACTIVE
5071502389,Feride ,FCZ-09,ZUMRA,S,"  16,999 ","  16,999 ",3-PIECE LUXURY,25%,0%,ACTIVE
5071502390,Feride ,FCZ-09,ZUMRA,M,"  16,999 ","  16,999 ",3-PIECE LUXURY,25%,0%,ACTIVE
5071502391,Feride ,FCZ-09,ZUMRA,L,"  16,999 ","  16,999 ",3-PIECE LUXURY,25%,0%,ACTIVE
5071502392,Nazlı ,FCZ-11,ZUMRA,XS,"  21,999 ","  21,999 ",3-PIECE LUXURY,25%,0%,ACTIVE
5071502393,Nazlı ,FCZ-11,ZUMRA,S,"  21,999 ","  21,999 ",3-PIECE LUXURY,25%,0%,ACTIVE
5071502394,Nazlı ,FCZ-11,ZUMRA,M,"  21,999 ","  21,999 ",3-PIECE LUXURY,25%,0%,ACTIVE
5071502395,Nazlı ,FCZ-11,ZUMRA,L,"  21,999 ","  21,999 ",3-PIECE LUXURY,25%,0%,ACTIVE
5071502396,Sıla,FCZ-12,ZUMRA,XS,"  21,999 ","  21,999 ",3-PIECE LUXURY,25%,0%,ACTIVE
5071502397,Sıla,FCZ-12,ZUMRA,S,"  21,999 ","  21,999 ",3-PIECE LUXURY,25%,0%,ACTIVE
5071502398,Sıla,FCZ-12,ZUMRA,M,"  21,999 ","  21,999 ",3-PIECE LUXURY,25%,0%,ACTIVE
5071502399,Sıla,FCZ-12,ZUMRA,L,"  21,999 ","  21,999 ",3-PIECE LUXURY,25%,0%,ACTIVE
5071502400,Rüya ,FCZ-06,ZUMRA,S,"  19,999 ","  19,999 ",3-PIECE LUXURY,25%,0%,ACTIVE
5071502401,Rüya ,FCZ-06,ZUMRA,M,"  19,999 ","  19,999 ",3-PIECE LUXURY,25%,0%,ACTIVE
5071502402,Rüya ,FCZ-06,ZUMRA,L,"  19,999 ","  19,999 ",3-PIECE LUXURY,25%,0%,ACTIVE
5071502403,Melis,FCZ-10,ZUMRA,XS,"  16,999 ","  16,999 ",3-PIECE LUXURY,25%,0%,ACTIVE
5071502404,Melis,FCZ-10,ZUMRA,S,"  16,999 ","  16,999 ",3-PIECE LUXURY,25%,0%,ACTIVE
5071502405,Melis,FCZ-10,ZUMRA,M,"  16,999 ","  16,999 ",3-PIECE LUXURY,25%,0%,ACTIVE
5071502406,Melis,FCZ-10,ZUMRA,L,"  16,999 ","  16,999 ",3-PIECE LUXURY,25%,0%,ACTIVE
5071502407,Design#19,S122P-19,TABEER,XS,"  1,990 ","  1,990 ",SHIRT,50%,0%,ACTIVE
5071502408,Design#19,S122P-19,TABEER,XS,"  1,990 ","  1,990 ",SHIRT,50%,0%,ACTIVE
5071502409,Design#19,S122P-19,TABEER,XS,"  1,990 ","  1,990 ",SHIRT,50%,0%,ACTIVE
5071502410,Design#19,S122P-19,TABEER,S,"  1,990 ","  1,990 ",SHIRT,50%,0%,ACTIVE
5071502411,Design#19,S122P-19,TABEER,S,"  1,990 ","  1,990 ",SHIRT,50%,0%,ACTIVE
5071502412,Design#19,S122P-19,TABEER,S,"  1,990 ","  1,990 ",SHIRT,50%,0%,ACTIVE
5071502413,Design#19,S122P-19,TABEER,M,"  1,990 ","  1,990 ",SHIRT,50%,0%,ACTIVE
5071502414,Design#19,S122P-19,TABEER,M,"  1,990 ","  1,990 ",SHIRT,50%,0%,ACTIVE
5071502415,Design#19,S122P-19,TABEER,M,"  1,990 ","  1,990 ",SHIRT,50%,0%,ACTIVE
5071502416,Design#19,S122P-19,TABEER,L,"  1,990 ","  1,990 ",SHIRT,50%,0%,ACTIVE
5071502417,Design#19,S122P-19,TABEER,L,"  1,990 ","  1,990 ",SHIRT,50%,0%,ACTIVE
5071502418,Design#20,S122P-20,TABEER,XS,"  1,990 ","  1,990 ",SHIRT,50%,0%,ACTIVE
5071502419,Design#20,S122P-20,TABEER,XS,"  1,990 ","  1,990 ",SHIRT,50%,0%,ACTIVE
5071502420,Design#20,S122P-20,TABEER,XS,"  1,990 ","  1,990 ",SHIRT,50%,0%,ACTIVE
5071502421,Design#20,S122P-20,TABEER,S,"  1,990 ","  1,990 ",SHIRT,50%,0%,ACTIVE
5071502422,Design#20,S122P-20,TABEER,S,"  1,990 ","  1,990 ",SHIRT,50%,0%,ACTIVE
5071502423,Design#20,S122P-20,TABEER,S,"  1,990 ","  1,990 ",SHIRT,50%,0%,ACTIVE
5071502424,Design#20,S122P-20,TABEER,M,"  1,990 ","  1,990 ",SHIRT,50%,0%,ACTIVE
5071502425,Design#20,S122P-20,TABEER,M,"  1,990 ","  1,990 ",SHIRT,50%,0%,ACTIVE
5071502426,Design#20,S122P-20,TABEER,M,"  1,990 ","  1,990 ",SHIRT,50%,0%,ACTIVE
5071502427,Design#20,S122P-20,TABEER,L,"  1,990 ","  1,990 ",SHIRT,50%,0%,ACTIVE
5071502428,Design#20,S122P-20,TABEER,L,"  1,990 ","  1,990 ",SHIRT,50%,0%,ACTIVE
5071502429,Design#20,S122P-20,TABEER,L,"  1,990 ","  1,990 ",SHIRT,50%,0%,ACTIVE
5071502430,Design#22,S122P-22,TABEER,XS,"  1,990 ","  1,990 ",SHIRT,50%,0%,ACTIVE
5071502431,Design#22,S122P-22,TABEER,XS,"  1,990 ","  1,990 ",SHIRT,50%,0%,ACTIVE
5071502432,Design#22,S122P-22,TABEER,S,"  1,990 ","  1,990 ",SHIRT,50%,0%,ACTIVE
5071502433,Design#22,S122P-22,TABEER,S,"  1,990 ","  1,990 ",SHIRT,50%,0%,ACTIVE
5071502434,Design#22,S122P-22,TABEER,S,"  1,990 ","  1,990 ",SHIRT,50%,0%,ACTIVE
5071502435,Design#22,S122P-22,TABEER,M,"  1,990 ","  1,990 ",SHIRT,50%,0%,ACTIVE
5071502436,Design#22,S122P-22,TABEER,M,"  1,990 ","  1,990 ",SHIRT,50%,0%,ACTIVE
5071502437,Design#22,S122P-22,TABEER,M,"  1,990 ","  1,990 ",SHIRT,50%,0%,ACTIVE
5071502438,Design#22,S122P-22,TABEER,L,"  1,990 ","  1,990 ",SHIRT,50%,0%,ACTIVE
5071502439,Design#22,S122P-22,TABEER,L,"  1,990 ","  1,990 ",SHIRT,50%,0%,ACTIVE
5071502440,Design#21,S122P-21,TABEER,XS,"  1,990 ","  1,990 ",SHIRT,50%,0%,ACTIVE
5071502441,Design#21,S122P-21,TABEER,XS,"  1,990 ","  1,990 ",SHIRT,50%,0%,ACTIVE
5071502442,Design#21,S122P-21,TABEER,XS,"  1,990 ","  1,990 ",SHIRT,50%,0%,ACTIVE
5071502443,Design#21,S122P-21,TABEER,S,"  1,990 ","  1,990 ",SHIRT,50%,0%,ACTIVE
5071502444,Design#21,S122P-21,TABEER,S,"  1,990 ","  1,990 ",SHIRT,50%,0%,ACTIVE
5071502445,Design#21,S122P-21,TABEER,S,"  1,990 ","  1,990 ",SHIRT,50%,0%,ACTIVE
5071502446,Design#21,S122P-21,TABEER,M,"  1,990 ","  1,990 ",SHIRT,50%,0%,ACTIVE
5071502447,Design#21,S122P-21,TABEER,M,"  1,990 ","  1,990 ",SHIRT,50%,0%,ACTIVE
5071502448,Design#21,S122P-21,TABEER,M,"  1,990 ","  1,990 ",SHIRT,50%,0%,ACTIVE
5071502449,Design#21,S122P-21,TABEER,L,"  1,990 ","  1,990 ",SHIRT,50%,0%,ACTIVE
5071502450,Design#21,S122P-21,TABEER,L,"  1,990 ","  1,990 ",SHIRT,50%,0%,ACTIVE
5071502451,Design#21,S122P-21,TABEER,L,"  1,990 ","  1,990 ",SHIRT,50%,0%,ACTIVE
5071502452,Design#10,S122P-10,TABEER,XS,"  1,990 ","  1,990 ",SHIRT,50%,0%,ACTIVE
5071502453,Design#10,S122P-10,TABEER,XS,"  1,990 ","  1,990 ",SHIRT,50%,0%,ACTIVE
5071502454,Design#10,S122P-10,TABEER,XS,"  1,990 ","  1,990 ",SHIRT,50%,0%,ACTIVE
5071502455,Design#10,S122P-10,TABEER,S,"  1,990 ","  1,990 ",SHIRT,50%,0%,ACTIVE
5071502456,Design#10,S122P-10,TABEER,S,"  1,990 ","  1,990 ",SHIRT,50%,0%,ACTIVE
5071502457,Design#10,S122P-10,TABEER,S,"  1,990 ","  1,990 ",SHIRT,50%,0%,ACTIVE
5071502458,Design#10,S122P-10,TABEER,M,"  1,990 ","  1,990 ",SHIRT,50%,0%,ACTIVE
5071502459,Design#10,S122P-10,TABEER,M,"  1,990 ","  1,990 ",SHIRT,50%,0%,ACTIVE
5071502460,Design#10,S122P-10,TABEER,M,"  1,990 ","  1,990 ",SHIRT,50%,0%,ACTIVE
5071502461,Design#10,S122P-10,TABEER,L,"  1,990 ","  1,990 ",SHIRT,50%,0%,ACTIVE
5071502462,Design#10,S122P-10,TABEER,L,"  1,990 ","  1,990 ",SHIRT,50%,0%,ACTIVE
5071502463,Design#10,S122P-10,TABEER,L,"  1,990 ","  1,990 ",SHIRT,50%,0%,ACTIVE
5071502464,Design#32,S122P-32,TABEER,XS,"  1,990 ","  1,990 ",SHIRT,50%,0%,ACTIVE
5071502465,Design#32,S122P-32,TABEER,XS,"  1,990 ","  1,990 ",SHIRT,50%,0%,ACTIVE
5071502466,Design#32,S122P-32,TABEER,XS,"  1,990 ","  1,990 ",SHIRT,50%,0%,ACTIVE
5071502467,Design#32,S122P-32,TABEER,S,"  1,990 ","  1,990 ",SHIRT,50%,0%,ACTIVE
5071502468,Design#32,S122P-32,TABEER,S,"  1,990 ","  1,990 ",SHIRT,50%,0%,ACTIVE
5071502469,Design#32,S122P-32,TABEER,S,"  1,990 ","  1,990 ",SHIRT,50%,0%,ACTIVE
5071502470,Design#32,S122P-32,TABEER,M,"  1,990 ","  1,990 ",SHIRT,50%,0%,ACTIVE
5071502471,Design#32,S122P-32,TABEER,M,"  1,990 ","  1,990 ",SHIRT,50%,0%,ACTIVE
5071502472,Design#32,S122P-32,TABEER,M,"  1,990 ","  1,990 ",SHIRT,50%,0%,ACTIVE
5071502473,Design#32,S122P-32,TABEER,L,"  1,990 ","  1,990 ",SHIRT,50%,0%,ACTIVE
5071502474,Design#32,S122P-32,TABEER,L,"  1,990 ","  1,990 ",SHIRT,50%,0%,ACTIVE
5071502475,Design#32,S122P-32,TABEER,L,"  1,990 ","  1,990 ",SHIRT,50%,0%,ACTIVE
5071502476,Design#32,S122P-32,TABEER,M,"  1,990 ","  1,990 ",SHIRT,50%,0%,ACTIVE
5071502477,Design#32,S122P-32,TABEER,L,"  1,990 ","  1,990 ",SHIRT,50%,0%,ACTIVE
5071502478,Design#27,S122P-27,TABEER,XS,"  1,990 ","  1,990 ",SHIRT,50%,0%,ACTIVE
5071502479,Design#27,S122P-27,TABEER,XS,"  1,990 ","  1,990 ",SHIRT,50%,0%,ACTIVE
5071502480,Design#27,S122P-27,TABEER,XS,"  1,990 ","  1,990 ",SHIRT,50%,0%,ACTIVE
5071502481,Design#27,S122P-27,TABEER,XS,"  1,990 ","  1,990 ",SHIRT,50%,0%,ACTIVE
5071502482,Design#27,S122P-27,TABEER,S,"  1,990 ","  1,990 ",SHIRT,50%,0%,ACTIVE
5071502483,Design#27,S122P-27,TABEER,S,"  1,990 ","  1,990 ",SHIRT,50%,0%,ACTIVE
5071502484,Design#27,S122P-27,TABEER,S,"  1,990 ","  1,990 ",SHIRT,50%,0%,ACTIVE
5071502485,Design#27,S122P-27,TABEER,S,"  1,990 ","  1,990 ",SHIRT,50%,0%,ACTIVE
5071502486,Design#27,S122P-27,TABEER,M,"  1,990 ","  1,990 ",SHIRT,50%,0%,ACTIVE
5071502487,Design#27,S122P-27,TABEER,M,"  1,990 ","  1,990 ",SHIRT,50%,0%,ACTIVE
5071502488,Design#27,S122P-27,TABEER,M,"  1,990 ","  1,990 ",SHIRT,50%,0%,ACTIVE
5071502489,Design#27,S122P-27,TABEER,M,"  1,990 ","  1,990 ",SHIRT,50%,0%,ACTIVE
5071502490,Design#27,S122P-27,TABEER,L,"  1,990 ","  1,990 ",SHIRT,50%,0%,ACTIVE
5071502491,Design#27,S122P-27,TABEER,L,"  1,990 ","  1,990 ",SHIRT,50%,0%,ACTIVE
5071502492,Design#27,S122P-27,TABEER,L,"  1,990 ","  1,990 ",SHIRT,50%,0%,ACTIVE
5071502493,Design#27,S122P-27,TABEER,L,"  1,990 ","  1,990 ",SHIRT,50%,0%,ACTIVE
5071502494,Design#30,S122P-30,TABEER,XS,"  1,990 ","  1,990 ",SHIRT,50%,0%,ACTIVE
5071502495,Design#30,S122P-30,TABEER,XS,"  1,990 ","  1,990 ",SHIRT,50%,0%,ACTIVE
5071502496,Design#30,S122P-30,TABEER,S,"  1,990 ","  1,990 ",SHIRT,50%,0%,ACTIVE
5071502497,Design#30,S122P-30,TABEER,S,"  1,990 ","  1,990 ",SHIRT,50%,0%,ACTIVE
5071502498,Design#30,S122P-30,TABEER,M,"  1,990 ","  1,990 ",SHIRT,50%,0%,ACTIVE
5071502499,Design#30,S122P-30,TABEER,M,"  1,990 ","  1,990 ",SHIRT,50%,0%,ACTIVE
5071502500,Design#30,S122P-30,TABEER,M,"  1,990 ","  1,990 ",SHIRT,50%,0%,ACTIVE
5071502501,Design#30,S122P-30,TABEER,M,"  1,990 ","  1,990 ",SHIRT,50%,0%,ACTIVE
5071502502,Design#30,S122P-30,TABEER,L,"  1,990 ","  1,990 ",SHIRT,50%,0%,ACTIVE
5071502503,Design#30,S122P-30,TABEER,L,"  1,990 ","  1,990 ",SHIRT,50%,0%,ACTIVE
5071502504,Design#30,S122P-30,TABEER,L,"  1,990 ","  1,990 ",SHIRT,50%,0%,ACTIVE
5071502505,Design#30,S122P-30,TABEER,L,"  1,990 ","  1,990 ",SHIRT,50%,0%,ACTIVE
5071502506,Design#04,S122P-04,TABEER,L,"  1,990 ","  1,990 ",SHIRT,50%,0%,ACTIVE
5071502507,Design#04,S122P-04,TABEER,L,"  1,990 ","  1,990 ",SHIRT,50%,0%,ACTIVE
5071502508,Design#04,S122P-04,TABEER,M,"  1,990 ","  1,990 ",SHIRT,50%,0%,ACTIVE
5071502509,Design#04,S122P-04,TABEER,M,"  1,990 ","  1,990 ",SHIRT,50%,0%,ACTIVE
5071502510,Design#04,S122P-04,TABEER,M,"  1,990 ","  1,990 ",SHIRT,50%,0%,ACTIVE
5071502511,Design#04,S122P-04,TABEER,S,"  1,990 ","  1,990 ",SHIRT,50%,0%,ACTIVE
5071502512,Design#04,S122P-04,TABEER,S,"  1,990 ","  1,990 ",SHIRT,50%,0%,ACTIVE
5071502513,Design#04,S122P-04,TABEER,S,"  1,990 ","  1,990 ",SHIRT,50%,0%,ACTIVE
5071502514,Design#01,S122P-01,TABEER,L,"  1,990 ","  1,990 ",SHIRT,50%,0%,ACTIVE
5071502515,Design#01,S122P-01,TABEER,L,"  1,990 ","  1,990 ",SHIRT,50%,0%,ACTIVE
5071502516,Design#01,S122P-01,TABEER,L,"  1,990 ","  1,990 ",SHIRT,50%,0%,ACTIVE
5071502517,Design#01,S122P-01,TABEER,M,"  1,990 ","  1,990 ",SHIRT,50%,0%,ACTIVE
5071502518,Design#01,S122P-01,TABEER,M,"  1,990 ","  1,990 ",SHIRT,50%,0%,ACTIVE
5071502519,Design#01,S122P-01,TABEER,M,"  1,990 ","  1,990 ",SHIRT,50%,0%,ACTIVE
5071502520,Design#01,S122P-01,TABEER,S,"  1,990 ","  1,990 ",SHIRT,50%,0%,ACTIVE
5071502521,Design#01,S122P-01,TABEER,S,"  1,990 ","  1,990 ",SHIRT,50%,0%,ACTIVE
5071502522,Design#01,S122P-01,TABEER,S,"  1,990 ","  1,990 ",SHIRT,50%,0%,ACTIVE
5071502523,Design#01,S122P-01,TABEER,XS,"  1,990 ","  1,990 ",SHIRT,50%,0%,ACTIVE
5071502524,Design#13,S122P-13,TABEER,S,"  1,990 ","  1,990 ",SHIRT,50%,0%,ACTIVE
5071502525,Design#13,S122P-13,TABEER,S,"  1,990 ","  1,990 ",SHIRT,50%,0%,ACTIVE
5071502526,Design#13,S122P-13,TABEER,S,"  1,990 ","  1,990 ",SHIRT,50%,0%,ACTIVE
5071502527,Design#13,S122P-13,TABEER,M,"  1,990 ","  1,990 ",SHIRT,50%,0%,ACTIVE
5071502528,Design#13,S122P-13,TABEER,M,"  1,990 ","  1,990 ",SHIRT,50%,0%,ACTIVE
5071502529,Design#13,S122P-13,TABEER,M,"  1,990 ","  1,990 ",SHIRT,50%,0%,ACTIVE
5071502530,Design#13,S122P-13,TABEER,L,"  1,990 ","  1,990 ",SHIRT,50%,0%,ACTIVE
5071502531,Design#13,S122P-13,TABEER,L,"  1,990 ","  1,990 ",SHIRT,50%,0%,ACTIVE
5071502532,Design#13,S122P-13,TABEER,L,"  1,990 ","  1,990 ",SHIRT,50%,0%,ACTIVE
5071502533,Design#13,S122P-13,TABEER,XS,"  1,990 ","  1,990 ",SHIRT,50%,0%,ACTIVE
5071502534,Design#13,S122P-13,TABEER,XS,"  1,990 ","  1,990 ",SHIRT,50%,0%,ACTIVE
5071502535,Design#13,S122P-13,TABEER,XS,"  1,990 ","  1,990 ",SHIRT,50%,0%,ACTIVE
5071502536,Chaotic,TSC-01,NASR-LAWN,unstitched,"  4,480 ","  4,480 ",2-PIECE LAWN,45%,0%,ACTIVE
5071502537,Chaotic,TSC-01,NASR-LAWN,unstitched,"  4,480 ","  4,480 ",2-PIECE LAWN,45%,0%,ACTIVE
5071502538,Chaotic,TSC-01,NASR-LAWN,unstitched,"  4,480 ","  4,480 ",2-PIECE LAWN,45%,0%,ACTIVE
5071502539,Chaotic,TSC-01,NASR-LAWN,unstitched,"  4,480 ","  4,480 ",2-PIECE LAWN,45%,0%,ACTIVE
5071502540,Chaotic,TSC-01,NASR-LAWN,unstitched,"  4,480 ","  4,480 ",2-PIECE LAWN,45%,0%,ACTIVE
5071502541,Chaotic,TSC-01,NASR-LAWN,unstitched,"  4,480 ","  4,480 ",2-PIECE LAWN,45%,0%,ACTIVE
5071502542,Chaotic,TSC-01,NASR-LAWN,unstitched,"  4,480 ","  4,480 ",2-PIECE LAWN,45%,0%,ACTIVE
5071502543,Chaotic,TSC-01,NASR-LAWN,unstitched,"  4,480 ","  4,480 ",2-PIECE LAWN,45%,0%,ACTIVE
5071502544,Chaotic,TSC-01,NASR-LAWN,unstitched,"  4,480 ","  4,480 ",2-PIECE LAWN,45%,0%,ACTIVE
5071502545,Chaotic,TSC-01,NASR-LAWN,unstitched,"  4,480 ","  4,480 ",2-PIECE LAWN,45%,0%,ACTIVE
5071502546,Chaotic,TSC-01,NASR-LAWN,unstitched,"  4,480 ","  4,480 ",2-PIECE LAWN,45%,0%,ACTIVE
5071502547,Chaotic,TSC-01,NASR-LAWN,unstitched,"  4,480 ","  4,480 ",2-PIECE LAWN,45%,0%,ACTIVE
5071502548,Chaotic,TSC-01,NASR-LAWN,unstitched,"  4,480 ","  4,480 ",2-PIECE LAWN,45%,0%,ACTIVE
5071502549,Chaotic,TSC-01,NASR-LAWN,unstitched,"  4,480 ","  4,480 ",2-PIECE LAWN,45%,0%,ACTIVE
5071502550,Chaotic,TSC-01,NASR-LAWN,unstitched,"  4,480 ","  4,480 ",2-PIECE LAWN,45%,0%,ACTIVE
5071502551,Chaotic,TSC-01,NASR-LAWN,unstitched,"  4,480 ","  4,480 ",2-PIECE LAWN,45%,0%,ACTIVE
5071502552,Chaotic,TSC-01,NASR-LAWN,unstitched,"  4,480 ","  4,480 ",2-PIECE LAWN,45%,0%,ACTIVE
5071502553,Chaotic,TSC-01,NASR-LAWN,unstitched,"  4,480 ","  4,480 ",2-PIECE LAWN,45%,0%,ACTIVE
5071502554,Chaotic,TSC-01,NASR-LAWN,unstitched,"  4,480 ","  4,480 ",2-PIECE LAWN,45%,0%,ACTIVE
5071502555,Chaotic,TSC-01,NASR-LAWN,unstitched,"  4,480 ","  4,480 ",2-PIECE LAWN,45%,0%,ACTIVE
5071502556,Chaotic,TSC-01,NASR-LAWN,unstitched,"  4,480 ","  4,480 ",2-PIECE LAWN,45%,0%,ACTIVE
5071502557,Chaotic,TSC-01,NASR-LAWN,unstitched,"  4,480 ","  4,480 ",2-PIECE LAWN,45%,0%,ACTIVE
5071502558,Chaotic,TSC-01,NASR-LAWN,unstitched,"  4,480 ","  4,480 ",2-PIECE LAWN,45%,0%,ACTIVE
5071502559,Chaotic,TSC-01,NASR-LAWN,unstitched,"  4,480 ","  4,480 ",2-PIECE LAWN,45%,0%,ACTIVE
5071502560,Chaotic,TSC-01,NASR-LAWN,unstitched,"  4,480 ","  4,480 ",2-PIECE LAWN,45%,0%,ACTIVE
5071502561,Chaotic,TSC-01,NASR-LAWN,unstitched,"  4,480 ","  4,480 ",2-PIECE LAWN,45%,0%,ACTIVE
5071502562,Chaotic,TSC-01,NASR-LAWN,unstitched,"  4,480 ","  4,480 ",2-PIECE LAWN,45%,0%,ACTIVE
5071502563,Chaotic,TSC-01,NASR-LAWN,unstitched,"  4,480 ","  4,480 ",2-PIECE LAWN,45%,0%,ACTIVE
5071502564,Chaotic,TSC-01,NASR-LAWN,unstitched,"  4,480 ","  4,480 ",2-PIECE LAWN,45%,0%,ACTIVE
5071502565,Chaotic,TSC-01,NASR-LAWN,unstitched,"  4,480 ","  4,480 ",2-PIECE LAWN,45%,0%,ACTIVE
5071502566,Chaotic,TSC-01,NASR-LAWN,unstitched,"  4,480 ","  4,480 ",2-PIECE LAWN,45%,0%,ACTIVE
5071502567,Chaotic,TSC-01,NASR-LAWN,unstitched,"  4,480 ","  4,480 ",2-PIECE LAWN,45%,0%,ACTIVE
5071502568,Chaotic,TSC-01,NASR-LAWN,unstitched,"  4,480 ","  4,480 ",2-PIECE LAWN,45%,0%,ACTIVE
5071502569,Chaotic,TSC-01,NASR-LAWN,unstitched,"  4,480 ","  4,480 ",2-PIECE LAWN,45%,0%,ACTIVE
5071502570,Chaotic,TSC-01,NASR-LAWN,unstitched,"  4,480 ","  4,480 ",2-PIECE LAWN,45%,0%,ACTIVE
5071502571,Chaotic,TSC-01,NASR-LAWN,unstitched,"  4,480 ","  4,480 ",2-PIECE LAWN,45%,0%,ACTIVE
5071502572,Chaotic,TSC-02,CAMBRIC,unstitched,"  4,480 ","  4,480 ",2-PIECE CAMBRIC,45%,0%,ACTIVE
5071502573,Chaotic,TSC-02,CAMBRIC,unstitched,"  4,480 ","  4,480 ",2-PIECE CAMBRIC,45%,0%,ACTIVE
5071502574,Chaotic,TSC-02,CAMBRIC,unstitched,"  4,480 ","  4,480 ",2-PIECE CAMBRIC,45%,0%,ACTIVE
5071502575,Chaotic,TSC-02,CAMBRIC,unstitched,"  4,480 ","  4,480 ",2-PIECE CAMBRIC,45%,0%,ACTIVE
5071502576,Chaotic,TSC-02,CAMBRIC,unstitched,"  4,480 ","  4,480 ",2-PIECE CAMBRIC,45%,0%,ACTIVE
5071502577,Chaotic,TSC-02,CAMBRIC,unstitched,"  4,480 ","  4,480 ",2-PIECE CAMBRIC,45%,0%,ACTIVE
5071502578,Chaotic,TSC-02,CAMBRIC,unstitched,"  4,480 ","  4,480 ",2-PIECE CAMBRIC,45%,0%,ACTIVE
5071502579,Chaotic,TSC-02,CAMBRIC,unstitched,"  4,480 ","  4,480 ",2-PIECE CAMBRIC,45%,0%,ACTIVE
5071502580,Chaotic,TSC-02,CAMBRIC,unstitched,"  4,480 ","  4,480 ",2-PIECE CAMBRIC,45%,0%,ACTIVE
5071502581,Chaotic,TSC-02,CAMBRIC,unstitched,"  4,480 ","  4,480 ",2-PIECE CAMBRIC,45%,0%,ACTIVE
5071502582,Chaotic,TSC-02,CAMBRIC,unstitched,"  4,480 ","  4,480 ",2-PIECE CAMBRIC,45%,0%,ACTIVE
5071502583,Chaotic,TSC-02,CAMBRIC,unstitched,"  4,480 ","  4,480 ",2-PIECE CAMBRIC,45%,0%,ACTIVE
5071502584,Chaotic,TSC-02,CAMBRIC,unstitched,"  4,480 ","  4,480 ",2-PIECE CAMBRIC,45%,0%,ACTIVE
5071502585,Chaotic,TSC-02,CAMBRIC,unstitched,"  4,480 ","  4,480 ",2-PIECE CAMBRIC,45%,0%,ACTIVE
5071502586,Chaotic,TSC-02,CAMBRIC,unstitched,"  4,480 ","  4,480 ",2-PIECE CAMBRIC,45%,0%,ACTIVE
5071502587,Chaotic,TSC-01,NASR-LAWN,unstitched,"  4,480 ","  4,480 ",2-PIECE LAWN,45%,0%,ACTIVE
5071502588,Chaotic,TSC-01,NASR-LAWN,unstitched,"  4,480 ","  4,480 ",2-PIECE LAWN,45%,0%,ACTIVE
5071502589,Chaotic,TSC-01,NASR-LAWN,unstitched,"  4,480 ","  4,480 ",2-PIECE LAWN,45%,0%,ACTIVE
5071502590,OFF WHITE 1,EOW-01,ESSENTIAL,M,"  1,590 ","  1,590 ",TROUSER,70%,0%,ACTIVE
5071502591,OFF WHITE 1,EOW-01,ESSENTIAL,M,"  1,590 ","  1,590 ",TROUSER,70%,0%,ACTIVE
5071502592,OFF WHITE 1,EOW-01,ESSENTIAL,S,"  1,590 ","  1,590 ",TROUSER,70%,0%,ACTIVE
5071502593,OFF WHITE 1,EOW-01,ESSENTIAL,S,"  1,590 ","  1,590 ",TROUSER,70%,0%,ACTIVE
5071502594,OFF WHITE 1,EOW-01,ESSENTIAL,S,"  1,590 ","  1,590 ",TROUSER,70%,0%,ACTIVE
5071502595,OFF WHITE 1,EOW-01,ESSENTIAL,S,"  1,590 ","  1,590 ",TROUSER,70%,0%,ACTIVE
5071502596,OFF WHITE 1,EOW-01,ESSENTIAL,S,"  1,590 ","  1,590 ",TROUSER,70%,0%,ACTIVE
5071502597,OFF WHITE 1,EOW-01,ESSENTIAL,S,"  1,590 ","  1,590 ",TROUSER,70%,0%,ACTIVE
5071502598,OFF WHITE 1,EOW-01,ESSENTIAL,S,"  1,590 ","  1,590 ",TROUSER,70%,0%,ACTIVE
5071502599,OFF WHITE 1,EOW-01,ESSENTIAL,S,"  1,590 ","  1,590 ",TROUSER,70%,0%,ACTIVE
5071502600,OFF WHITE 1,EOW-01,ESSENTIAL,S,"  1,590 ","  1,590 ",TROUSER,70%,0%,ACTIVE
5071502601,OFF WHITE 1,EOW-01,ESSENTIAL,S,"  1,590 ","  1,590 ",TROUSER,70%,0%,ACTIVE
5071502602,OFF WHITE 1,EOW-01,ESSENTIAL,S,"  1,590 ","  1,590 ",TROUSER,70%,0%,ACTIVE
5071502603,OFF WHITE 1,EOW-01,ESSENTIAL,S,"  1,590 ","  1,590 ",TROUSER,70%,0%,ACTIVE
5071502604,OFF WHITE 1,EOW-01,ESSENTIAL,S,"  1,590 ","  1,590 ",TROUSER,70%,0%,ACTIVE
5071502605,OFF WHITE 1,EOW-01,ESSENTIAL,S,"  1,590 ","  1,590 ",TROUSER,70%,0%,ACTIVE
5071502606,OFF WHITE 1,EOW-01,ESSENTIAL,S,"  1,590 ","  1,590 ",TROUSER,70%,0%,ACTIVE
5071502607,OFF WHITE 1,EOW-01,ESSENTIAL,S,"  1,590 ","  1,590 ",TROUSER,70%,0%,ACTIVE
5071502608,OFF WHITE 1,EOW-01,ESSENTIAL,S,"  1,590 ","  1,590 ",TROUSER,70%,0%,ACTIVE
5071502609,OFF WHITE 1,EOW-01,ESSENTIAL,S,"  1,590 ","  1,590 ",TROUSER,70%,0%,ACTIVE
5071502610,OFF WHITE 1,EOW-01,ESSENTIAL,S,"  1,590 ","  1,590 ",TROUSER,70%,0%,ACTIVE
5071502611,OFF WHITE 1,EOW-01,ESSENTIAL,S,"  1,590 ","  1,590 ",TROUSER,70%,0%,ACTIVE
5071502612,OFF WHITE 1,EOW-01,ESSENTIAL,S,"  1,590 ","  1,590 ",TROUSER,70%,0%,ACTIVE
5071502613,OFF WHITE 1,EOW-01,ESSENTIAL,S,"  1,590 ","  1,590 ",TROUSER,70%,0%,ACTIVE
5071502614,OFF WHITE 1,EOW-01,ESSENTIAL,S,"  1,590 ","  1,590 ",TROUSER,70%,0%,ACTIVE
5071502615,OFF WHITE 1,EOW-01,ESSENTIAL,S,"  1,590 ","  1,590 ",TROUSER,70%,0%,ACTIVE
5071502616,OFF WHITE 1,EOW-01,ESSENTIAL,S,"  1,590 ","  1,590 ",TROUSER,70%,0%,ACTIVE
5071502617,WHITE 1,EW-01,ESSENTIAL,XS,"  1,590 ","  1,590 ",TROUSER,70%,0%,ACTIVE
5071502618,WHITE 1,EW-01,ESSENTIAL,XS,"  1,590 ","  1,590 ",TROUSER,70%,0%,ACTIVE
5071502619,WHITE 1,EW-01,ESSENTIAL,XS,"  1,590 ","  1,590 ",TROUSER,70%,0%,ACTIVE
5071502620,WHITE 1,EW-01,ESSENTIAL,S,"  1,590 ","  1,590 ",TROUSER,70%,0%,ACTIVE
5071502621,WHITE 1,EW-01,ESSENTIAL,S,"  1,590 ","  1,590 ",TROUSER,70%,0%,ACTIVE
5071502622,WHITE 1,EW-01,ESSENTIAL,S,"  1,590 ","  1,590 ",TROUSER,70%,0%,ACTIVE
5071502623,WHITE 1,EW-01,ESSENTIAL,S,"  1,590 ","  1,590 ",TROUSER,70%,0%,ACTIVE
5071502624,WHITE 1,EW-01,ESSENTIAL,S,"  1,590 ","  1,590 ",TROUSER,70%,0%,ACTIVE
5071502625,WHITE 1,EW-01,ESSENTIAL,S,"  1,590 ","  1,590 ",TROUSER,70%,0%,ACTIVE
5071502626,WHITE 2,EW-02,ESSENTIAL,M,"  1,590 ","  1,590 ",TROUSER,70%,0%,ACTIVE
5071502627,WHITE 2,EW-02,ESSENTIAL,M,"  1,590 ","  1,590 ",TROUSER,70%,0%,ACTIVE
5071502628,WHITE 2,EW-02,ESSENTIAL,M,"  1,590 ","  1,590 ",TROUSER,70%,0%,ACTIVE
5071502629,WHITE 2,EW-02,ESSENTIAL,M,"  1,590 ","  1,590 ",TROUSER,70%,0%,ACTIVE
5071502630,WHITE 2,EW-02,ESSENTIAL,M,"  1,590 ","  1,590 ",TROUSER,70%,0%,ACTIVE
5071502631,WHITE 3,EW-03,ESSENTIAL,S,"  1,590 ","  1,590 ",TROUSER,70%,0%,ACTIVE
5071502632,WHITE 3,EW-03,ESSENTIAL,S,"  1,590 ","  1,590 ",TROUSER,70%,0%,ACTIVE
5071502633,WHITE 3,EW-03,ESSENTIAL,S,"  1,590 ","  1,590 ",TROUSER,70%,0%,ACTIVE
5071502634,WHITE 3,EW-03,ESSENTIAL,M,"  1,590 ","  1,590 ",TROUSER,70%,0%,ACTIVE
5071502635,WHITE 4,EW-04,ESSENTIAL,S,"  1,590 ","  1,590 ",TROUSER,70%,0%,ACTIVE
5071502636,WHITE 4,EW-04,ESSENTIAL,L,"  1,590 ","  1,590 ",TROUSER,70%,0%,ACTIVE
5071502637,BEIGE 1,EB-01,ESSENTIAL,XS,"  1,590 ","  1,590 ",TROUSER,70%,0%,ACTIVE
5071502638,BEIGE 1,EB-01,ESSENTIAL,XS,"  1,590 ","  1,590 ",TROUSER,70%,0%,ACTIVE
5071502639,BEIGE 1,EB-01,ESSENTIAL,XS,"  1,590 ","  1,590 ",TROUSER,70%,0%,ACTIVE
5071502640,BEIGE 1,EB-01,ESSENTIAL,XS,"  1,590 ","  1,590 ",TROUSER,70%,0%,ACTIVE
5071502641,BEIGE 1,EB-01,ESSENTIAL,XS,"  1,590 ","  1,590 ",TROUSER,70%,0%,ACTIVE
5071502642,BEIGE 1,EB-01,ESSENTIAL,XS,"  1,590 ","  1,590 ",TROUSER,70%,0%,ACTIVE
5071502643,BEIGE 1,EB-01,ESSENTIAL,XS,"  1,590 ","  1,590 ",TROUSER,70%,0%,ACTIVE
5071502644,BEIGE 1,EB-01,ESSENTIAL,XS,"  1,590 ","  1,590 ",TROUSER,70%,0%,ACTIVE
5071502645,BEIGE 1,EB-01,ESSENTIAL,XS,"  1,590 ","  1,590 ",TROUSER,70%,0%,ACTIVE
5071502646,BEIGE 1,EB-01,ESSENTIAL,XS,"  1,590 ","  1,590 ",TROUSER,70%,0%,ACTIVE
5071502647,BEIGE 1,EB-01,ESSENTIAL,XS,"  1,590 ","  1,590 ",TROUSER,70%,0%,ACTIVE
5071502648,BEIGE 1,EB-01,ESSENTIAL,XS,"  1,590 ","  1,590 ",TROUSER,70%,0%,ACTIVE
5071502649,BEIGE 1,EB-01,ESSENTIAL,XS,"  1,590 ","  1,590 ",TROUSER,70%,0%,ACTIVE
5071502650,BEIGE 1,EB-01,ESSENTIAL,XS,"  1,590 ","  1,590 ",TROUSER,70%,0%,ACTIVE
5071502651,BEIGE 1,EB-01,ESSENTIAL,S,"  1,590 ","  1,590 ",TROUSER,70%,0%,ACTIVE
5071502652,BEIGE 1,EB-01,ESSENTIAL,M,"  1,590 ","  1,590 ",TROUSER,70%,0%,ACTIVE
5071502653,BEIGE 2,EB-02,ESSENTIAL,S,"  1,590 ","  1,590 ",TROUSER,70%,0%,ACTIVE
5071502654,BEIGE 2,EB-02,ESSENTIAL,S,"  1,590 ","  1,590 ",TROUSER,70%,0%,ACTIVE
5071502655,BEIGE 2,EB-02,ESSENTIAL,S,"  1,590 ","  1,590 ",TROUSER,70%,0%,ACTIVE
5071502656,BEIGE 2,EB-02,ESSENTIAL,S,"  1,590 ","  1,590 ",TROUSER,70%,0%,ACTIVE
5071502657,BEIGE 2,EB-02,ESSENTIAL,S,"  1,590 ","  1,590 ",TROUSER,70%,0%,ACTIVE
5071502658,BEIGE 2,EB-02,ESSENTIAL,S,"  1,590 ","  1,590 ",TROUSER,70%,0%,ACTIVE
5071502659,BEIGE 2,EB-02,ESSENTIAL,S,"  1,590 ","  1,590 ",TROUSER,70%,0%,ACTIVE
5071502660,BEIGE 2,EB-02,ESSENTIAL,S,"  1,590 ","  1,590 ",TROUSER,70%,0%,ACTIVE
5071502661,BEIGE 2,EB-02,ESSENTIAL,S,"  1,590 ","  1,590 ",TROUSER,70%,0%,ACTIVE
5071502662,BEIGE 2,EB-02,ESSENTIAL,S,"  1,590 ","  1,590 ",TROUSER,70%,0%,ACTIVE
5071502663,BEIGE 2,EB-02,ESSENTIAL,S,"  1,590 ","  1,590 ",TROUSER,70%,0%,ACTIVE
5071502664,BEIGE 2,EB-02,ESSENTIAL,S,"  1,590 ","  1,590 ",TROUSER,70%,0%,ACTIVE
5071502665,BEIGE 2,EB-02,ESSENTIAL,S,"  1,590 ","  1,590 ",TROUSER,70%,0%,ACTIVE
5071502666,BEIGE 2,EB-02,ESSENTIAL,M,"  1,590 ","  1,590 ",TROUSER,70%,0%,ACTIVE
5071502667,BEIGE 3,EB-03,ESSENTIAL,XS,"  1,590 ","  1,590 ",TROUSER,70%,0%,ACTIVE
5071502668,BEIGE 3,EB-03,ESSENTIAL,XS,"  1,590 ","  1,590 ",TROUSER,70%,0%,ACTIVE
5071502669,BEIGE 3,EB-03,ESSENTIAL,XS,"  1,590 ","  1,590 ",TROUSER,70%,0%,ACTIVE
5071502670,BEIGE 3,EB-03,ESSENTIAL,XS,"  1,590 ","  1,590 ",TROUSER,70%,0%,ACTIVE
5071502671,BEIGE 3,EB-03,ESSENTIAL,XS,"  1,590 ","  1,590 ",TROUSER,70%,0%,ACTIVE
5071502672,BEIGE 3,EB-03,ESSENTIAL,XS,"  1,590 ","  1,590 ",TROUSER,70%,0%,ACTIVE
5071502673,BEIGE 3,EB-03,ESSENTIAL,XS,"  1,590 ","  1,590 ",TROUSER,70%,0%,ACTIVE
5071502674,BEIGE 3,EB-03,ESSENTIAL,S,"  1,590 ","  1,590 ",TROUSER,70%,0%,ACTIVE
5071502675,BEIGE 4,EB-04,ESSENTIAL,S,"  1,590 ","  1,590 ",TROUSER,70%,0%,ACTIVE
5071502676,BEIGE 4,EB-04,ESSENTIAL,S,"  1,590 ","  1,590 ",TROUSER,70%,0%,ACTIVE
5071502677,BEIGE 4,EB-04,ESSENTIAL,S,"  1,590 ","  1,590 ",TROUSER,70%,0%,ACTIVE
5071502678,BEIGE 4,EB-04,ESSENTIAL,S,"  1,590 ","  1,590 ",TROUSER,70%,0%,ACTIVE
5071502679,BEIGE 4,EB-04,ESSENTIAL,S,"  1,590 ","  1,590 ",TROUSER,70%,0%,ACTIVE
5071502680,BEIGE 4,EB-04,ESSENTIAL,S,"  1,590 ","  1,590 ",TROUSER,70%,0%,ACTIVE
5071502681,BEIGE 4,EB-04,ESSENTIAL,S,"  1,590 ","  1,590 ",TROUSER,70%,0%,ACTIVE
5071502682,BEIGE 4,EB-04,ESSENTIAL,M,"  1,590 ","  1,590 ",TROUSER,70%,0%,ACTIVE
5071502683,BEIGE 4,EB-04,ESSENTIAL,M,"  1,590 ","  1,590 ",TROUSER,70%,0%,ACTIVE
5071502684,BEIGE 4,EB-04,ESSENTIAL,M,"  1,590 ","  1,590 ",TROUSER,70%,0%,ACTIVE
5071502685,BEIGE 4,EB-04,ESSENTIAL,M,"  1,590 ","  1,590 ",TROUSER,70%,0%,ACTIVE
5071502686,BEIGE 4,EB-04,ESSENTIAL,M,"  1,590 ","  1,590 ",TROUSER,70%,0%,ACTIVE
5071502687,BEIGE 4,EB-04,ESSENTIAL,M,"  1,590 ","  1,590 ",TROUSER,70%,0%,ACTIVE
5071502688,BEIGE 4,EB-04,ESSENTIAL,M,"  1,590 ","  1,590 ",TROUSER,70%,0%,ACTIVE
5071502689,BEIGE 4,EB-04,ESSENTIAL,L,"  1,590 ","  1,590 ",TROUSER,70%,0%,ACTIVE
5071502690,BEIGE 4,EB-04,ESSENTIAL,L,"  1,590 ","  1,590 ",TROUSER,70%,0%,ACTIVE
5071502691,NAGHEEN,TS-LUX-02,TS LUXURY,XS,"  26,999 ","  26,999 ",MEXI,25%,0%,ACTIVE
5071502692,KHIRED,TS-LUX-01,TS LUXURY,XS,"  26,999 ","  26,999 ",MEXI,25%,0%,ACTIVE
5071502693,INAYA,TS-LUX-03,TS LUXURY,XS,"  26,999 ","  26,999 ",MEXI,25%,0%,ACTIVE
5071502694,SHANO,TS-LUX-04,TS LUXURY,XS,"  26,999 ","  26,999 ",MEXI,25%,0%,ACTIVE
5071502695,Emb Essential ,EBS-01,Unsorted ,M ,"  3,999 ","  3,999 ",Stitched Kurti ,40%,0%,ACTIVE
5071502696,Emb Essential ,EBS-01,Unsorted ,M,"  3,999 ","  3,999 ",Stitched Kurti ,40%,0%,ACTIVE
5071502697,Emb Essential ,EBS-01,Unsorted ,S,"  3,999 ","  3,999 ",Stitched Kurti ,40%,0%,ACTIVE
5071502698,Emb Essential ,EBS-01,Unsorted ,S,"  3,999 ","  3,999 ",Stitched Kurti ,40%,0%,ACTIVE
5071502699,Emb Essential ,EBS-01,Unsorted ,S,"  3,999 ","  3,999 ",Stitched Kurti ,40%,0%,ACTIVE
5071502700,Emb Essential ,EBS-01,Unsorted ,S,"  3,999 ","  3,999 ",Stitched Kurti ,40%,0%,ACTIVE
5071502701,Emb Essential ,EBS-01,Unsorted ,S,"  3,999 ","  3,999 ",Stitched Kurti ,40%,0%,ACTIVE
5071502702,Emb Essential ,EBS-01,Unsorted ,S,"  3,999 ","  3,999 ",Stitched Kurti ,40%,0%,ACTIVE
5071502703,Emb Essential ,EBS-01,Unsorted ,S,"  3,999 ","  3,999 ",Stitched Kurti ,40%,0%,ACTIVE
5071502704,Emb Essential ,EBS-01,Unsorted ,S,"  3,999 ","  3,999 ",Stitched Kurti ,40%,0%,ACTIVE
5071502705,Emb Essential ,EBS-01,Unsorted ,M,"  3,999 ","  3,999 ",Stitched Kurti ,40%,0%,ACTIVE
5071502706,Emb Essential ,EBS-01,Unsorted ,M,"  3,999 ","  3,999 ",Stitched Kurti ,40%,0%,ACTIVE
5071502707,Emb Essential ,EBS-01,Unsorted ,M,"  3,999 ","  3,999 ",Stitched Kurti ,40%,0%,ACTIVE
5071502708,Emb Essential ,EBS-01,Unsorted ,M,"  3,999 ","  3,999 ",Stitched Kurti ,40%,0%,ACTIVE
5071502709,Emb Essential ,EBS-01,Unsorted ,M,"  3,999 ","  3,999 ",Stitched Kurti ,40%,0%,ACTIVE
5071502710,Emb Essential ,EBS-01,Unsorted ,M,"  3,999 ","  3,999 ",Stitched Kurti ,40%,0%,ACTIVE
5071502711,Emb Essential ,EBS-01,Unsorted ,M,"  3,999 ","  3,999 ",Stitched Kurti ,40%,0%,ACTIVE
5071502712,Emb Essential ,EBS-01,Unsorted ,M,"  3,999 ","  3,999 ",Stitched Kurti ,40%,0%,ACTIVE
5071502713,Emb Essential ,EBS-01,Unsorted ,M,"  3,999 ","  3,999 ",Stitched Kurti ,40%,0%,ACTIVE
5071502714,Emb Essential ,EBS-01,Unsorted ,M,"  3,999 ","  3,999 ",Stitched Kurti ,40%,0%,ACTIVE
5071502715,Emb Essential ,EBS-01,Unsorted ,M,"  3,999 ","  3,999 ",Stitched Kurti ,40%,0%,ACTIVE
5071502716,Emb Essential ,EBS-01,Unsorted ,L,"  3,999 ","  3,999 ",Stitched Kurti ,40%,0%,ACTIVE
5071502717,Emb Essential ,EBS-01,Unsorted ,L,"  3,999 ","  3,999 ",Stitched Kurti ,40%,0%,ACTIVE
5071502718,Emb Essential ,EBS-01,Unsorted ,L,"  3,999 ","  3,999 ",Stitched Kurti ,40%,0%,ACTIVE
5071502719,Emb Essential ,EBS-01,Unsorted ,L,"  3,999 ","  3,999 ",Stitched Kurti ,40%,0%,ACTIVE
5071502720,Emb Essential ,EBS-01,Unsorted ,L,"  3,999 ","  3,999 ",Stitched Kurti ,40%,0%,ACTIVE
5071502721,Emb Essential ,EBS-01,Unsorted ,L,"  3,999 ","  3,999 ",Stitched Kurti ,40%,0%,ACTIVE
5071502722,Emb Essential ,EBS-01,Unsorted ,L,"  3,999 ","  3,999 ",Stitched Kurti ,40%,0%,ACTIVE
5071502723,Emb Essential ,EBS-01,Unsorted ,L,"  3,999 ","  3,999 ",Stitched Kurti ,40%,0%,ACTIVE
5071502724,Emb Essential ,EBS-01,Unsorted ,L,"  3,999 ","  3,999 ",Stitched Kurti ,40%,0%,ACTIVE
5071502725,Emb Essential ,EBS-01,Unsorted ,L,"  3,999 ","  3,999 ",Stitched Kurti ,40%,0%,ACTIVE
5071502726,Emb Essential ,EBS-01,Unsorted ,L,"  3,999 ","  3,999 ",Stitched Kurti ,40%,0%,ACTIVE
5071502727,TURQUOISE,3PP1-07,AMBER,unstitched,"  4,900 ","  4,900 ",3-PIECE LAWN 1,50%,0%,ACTIVE
5071502728,TURQUOISE,3PP1-07,AMBER,unstitched,"  4,900 ","  4,900 ",3-PIECE LAWN 1,50%,0%,ACTIVE
5071502729,SEA FLORAL,3PP1-01,AMBER,unstitched,"  4,900 ","  4,900 ",3-PIECE LAWN 1,50%,0%,ACTIVE
5071502730,SEA FLORAL,3PP1-01,AMBER,unstitched,"  4,900 ","  4,900 ",3-PIECE LAWN 1,50%,0%,ACTIVE
5071502731,BERRY,3PP1-05,AMBER,unstitched,"  4,900 ","  4,900 ",3-PIECE LAWN 1,50%,0%,ACTIVE
5071502732,BERRY,3PP1-05,AMBER,unstitched,"  4,900 ","  4,900 ",3-PIECE LAWN 1,50%,0%,ACTIVE
5071502733,BERRY,3PP1-05,AMBER,unstitched,"  4,900 ","  4,900 ",3-PIECE LAWN 1,50%,0%,ACTIVE
5071502734,BLUE OCEAN,3PP1-02,AMBER,unstitched,"  4,900 ","  4,900 ",3-PIECE LAWN 1,50%,0%,ACTIVE
5071502735,BLUE OCEAN,3PP1-02,AMBER,unstitched,"  4,900 ","  4,900 ",3-PIECE LAWN 1,50%,0%,ACTIVE
5071502736,YELLOW CANDY,3PP1-04,AMBER,unstitched,"  4,900 ","  4,900 ",3-PIECE LAWN 1,50%,0%,ACTIVE
5071502737,YELLOW CANDY,3PP1-04,AMBER,unstitched,"  4,900 ","  4,900 ",3-PIECE LAWN 1,50%,0%,ACTIVE
5071502738,VIOLET,3PP1-03,AMBER,unstitched,"  4,900 ","  4,900 ",3-PIECE LAWN 1,50%,0%,ACTIVE
5071502739,VIOLET,3PP1-03,AMBER,unstitched,"  4,900 ","  4,900 ",3-PIECE LAWN 1,50%,0%,ACTIVE
5071502740,CHARTREUSE,3PE1-06,NAZM 2,unstitched,"  6,250 ","  6,250 ",3-PIECE LAWN 2,50%,0%,ACTIVE
5071502741,CHARTREUSE,3PE1-06,NAZM 2,unstitched,"  6,250 ","  6,250 ",3-PIECE LAWN 2,50%,0%,ACTIVE
5071502742,BEACH BLUSH,PBN-01,NAZM 2,unstitched,"  6,250 ","  6,250 ",3-PIECE LAWN 2,50%,0%,ACTIVE
5071502743,BEACH BLUSH,PBN-01,NAZM 2,unstitched,"  6,250 ","  6,250 ",3-PIECE LAWN 2,50%,0%,ACTIVE
5071502744,AQUA MARINE,3PE1-09,NAZM 2,unstitched,"  6,250 ","  6,250 ",3-PIECE LAWN 2,50%,0%,ACTIVE
5071502745,AQUA MARINE,3PE1-09,NAZM 2,unstitched,"  6,250 ","  6,250 ",3-PIECE LAWN 2,50%,0%,ACTIVE
5071502746,PEARL GRAY,PBN-02,NAZM 2,unstitched,"  6,250 ","  6,250 ",3-PIECE LAWN 2,50%,0%,ACTIVE
5071502747,PEARL GRAY,PBN-02,NAZM 2,unstitched,"  6,250 ","  6,250 ",3-PIECE LAWN 2,50%,0%,ACTIVE
5071502748,BLUE OCEAN,3PE1-02,AMBER,unstitched,"  4,900 ","  4,900 ",3-PIECE LAWN 2,50%,0%,ACTIVE
5071502749,BERRY BLUE,PBN-03,NAZM 2,unstitched,"  6,250 ","  6,250 ",3-PIECE LAWN 2,50%,0%,ACTIVE
5071502750,PURPLE,PBN-04,NAZM 2,unstitched,"  6,250 ","  6,250 ",3-PIECE LAWN 2,50%,0%,ACTIVE
5071502751,VIOLET,PBN-05,AMBER,unstitched,"  4,900 ","  4,900 ",3-PIECE LAWN 2,50%,0%,ACTIVE
5071502752,TENGELO,PBN-06,NAZM 2,unstitched,"  6,250 ","  6,250 ",3-PIECE LAWN 2,50%,0%,ACTIVE
5071502753,AZURE,PBN-07,NAZM 2,unstitched,"  6,250 ","  6,250 ",3-PIECE LAWN 2,50%,0%,ACTIVE
5071502754,Emb Essential ,EBS-02,Unsorted ,XS,"  3,999 ","  3,999 ",Stitched Kurti ,40%,0%,ACTIVE
5071502755,Emb Essential ,EBS-02,Unsorted ,XS,"  3,999 ","  3,999 ",Stitched Kurti ,40%,0%,ACTIVE
5071502756,Emb Essential ,EBS-02,Unsorted ,S,"  3,999 ","  3,999 ",Stitched Kurti ,40%,0%,ACTIVE
5071502757,Emb Essential ,EBS-02,Unsorted ,S,"  3,999 ","  3,999 ",Stitched Kurti ,40%,0%,ACTIVE
5071502758,Emb Essential ,EBS-02,Unsorted ,S,"  3,999 ","  3,999 ",Stitched Kurti ,40%,0%,ACTIVE
5071502759,Emb Essential ,EBS-02,Unsorted ,M,"  3,999 ","  3,999 ",Stitched Kurti ,40%,0%,ACTIVE
5071502760,Emb Essential ,EBS-02,Unsorted ,M,"  3,999 ","  3,999 ",Stitched Kurti ,40%,0%,ACTIVE
5071502761,Emb Essential ,EBS-02,Unsorted ,M,"  3,999 ","  3,999 ",Stitched Kurti ,40%,0%,ACTIVE
5071502762,Emb Essential ,EBS-02,Unsorted ,M,"  3,999 ","  3,999 ",Stitched Kurti ,40%,0%,ACTIVE
5071502763,Emb Essential ,EBS-02,Unsorted ,L,"  3,999 ","  3,999 ",Stitched Kurti ,40%,0%,ACTIVE
5071502764,Emb Essential ,EBS-02,Unsorted ,L,"  3,999 ","  3,999 ",Stitched Kurti ,40%,0%,ACTIVE
5071502765,Emb Essential ,EBS-02,Unsorted ,L,"  3,999 ","  3,999 ",Stitched Kurti ,40%,0%,ACTIVE
5071502766,Emb Essential ,EBS-02,Unsorted ,X L,"  3,999 ","  3,999 ",Stitched Kurti ,40%,0%,ACTIVE
5071502767,Design#14,S122P-14,TABEER,M,"  1,990 ","  1,990 ",SHIRT,50%,0%,ACTIVE
5071502768,Design#14,S122P-14,TABEER,M,"  1,990 ","  1,990 ",SHIRT,50%,0%,ACTIVE
5071502769,Design#14,S122P-14,TABEER,L,"  1,990 ","  1,990 ",SHIRT,50%,0%,ACTIVE
5071502770,Design#14,S122P-14,TABEER,L,"  1,990 ","  1,990 ",SHIRT,50%,0%,ACTIVE
5071502771,Design#14,S122P-14,TABEER,L,"  1,990 ","  1,990 ",SHIRT,50%,0%,ACTIVE
5071502772,Design#11,S122P-11,TABEER,XS,"  1,990 ","  1,990 ",SHIRT,50%,0%,ACTIVE
5071502773,Design#11,S122P-11,TABEER,XS,"  1,990 ","  1,990 ",SHIRT,50%,0%,ACTIVE
5071502774,Design#11,S122P-11,TABEER,XS,"  1,990 ","  1,990 ",SHIRT,50%,0%,ACTIVE
5071502775,Design#11,S122P-11,TABEER,S,"  1,990 ","  1,990 ",SHIRT,50%,0%,ACTIVE
5071502776,Design#11,S122P-11,TABEER,S,"  1,990 ","  1,990 ",SHIRT,50%,0%,ACTIVE
5071502777,Design#11,S122P-11,TABEER,S,"  1,990 ","  1,990 ",SHIRT,50%,0%,ACTIVE
5071502778,Design#11,S122P-11,TABEER,M,"  1,990 ","  1,990 ",SHIRT,50%,0%,ACTIVE
5071502779,Design#11,S122P-11,TABEER,M,"  1,990 ","  1,990 ",SHIRT,50%,0%,ACTIVE
5071502780,Design#11,S122P-11,TABEER,L,"  1,990 ","  1,990 ",SHIRT,50%,0%,ACTIVE
5071502781,Design#11,S122P-11,TABEER,L,"  1,990 ","  1,990 ",SHIRT,50%,0%,ACTIVE
5071502782,Design#11,S122P-11,TABEER,L,"  1,990 ","  1,990 ",SHIRT,50%,0%,ACTIVE
5071502783,Design#03,S122P-03,TABEER,XS,"  1,990 ","  1,990 ",SHIRT,50%,0%,ACTIVE
5071502784,Design#03,S122P-03,TABEER,XS,"  1,990 ","  1,990 ",SHIRT,50%,0%,ACTIVE
5071502785,Design#03,S122P-03,TABEER,XS,"  1,990 ","  1,990 ",SHIRT,50%,0%,ACTIVE
5071502786,Design#03,S122P-03,TABEER,S,"  1,990 ","  1,990 ",SHIRT,50%,0%,ACTIVE
5071502787,Design#03,S122P-03,TABEER,S,"  1,990 ","  1,990 ",SHIRT,50%,0%,ACTIVE
5071502788,Design#03,S122P-03,TABEER,S,"  1,990 ","  1,990 ",SHIRT,50%,0%,ACTIVE
5071502789,Design#03,S122P-03,TABEER,M,"  1,990 ","  1,990 ",SHIRT,50%,0%,ACTIVE
5071502790,Design#03,S122P-03,TABEER,M,"  1,990 ","  1,990 ",SHIRT,50%,0%,ACTIVE
5071502791,Design#03,S122P-03,TABEER,M,"  1,990 ","  1,990 ",SHIRT,50%,0%,ACTIVE
5071502792,Design#03,S122P-03,TABEER,L,"  1,990 ","  1,990 ",SHIRT,50%,0%,ACTIVE
5071502793,Design#03,S122P-03,TABEER,L,"  1,990 ","  1,990 ",SHIRT,50%,0%,ACTIVE
5071502794,Design#03,S122P-03,TABEER,L,"  1,990 ","  1,990 ",SHIRT,50%,0%,ACTIVE
5071502795,Design#26,S122P-26,TABEER,M,"  1,990 ","  1,990 ",SHIRT,50%,0%,ACTIVE
5071502796,Design#26,S122P-26,TABEER,M,"  1,990 ","  1,990 ",SHIRT,50%,0%,ACTIVE
5071502797,Design#26,S122P-26,TABEER,L,"  1,990 ","  1,990 ",SHIRT,50%,0%,ACTIVE
5071502798,Design#26,S122P-26,TABEER,L,"  1,990 ","  1,990 ",SHIRT,50%,0%,ACTIVE
5071502799,Design#26,S122P-26,TABEER,L,"  1,990 ","  1,990 ",SHIRT,50%,0%,ACTIVE
5071502800,Design#24,S122P-24,TABEER,XS,"  1,990 ","  1,990 ",SHIRT,50%,0%,ACTIVE
5071502801,Design#24,S122P-24,TABEER,S,"  1,990 ","  1,990 ",SHIRT,50%,0%,ACTIVE
5071502802,Design#24,S122P-24,TABEER,M,"  1,990 ","  1,990 ",SHIRT,50%,0%,ACTIVE
5071502803,Design#24,S122P-24,TABEER,L,"  1,990 ","  1,990 ",SHIRT,50%,0%,ACTIVE
5071502804,Design#23,S122P-23,TABEER,XS,"  1,990 ","  1,990 ",SHIRT,50%,0%,ACTIVE
5071502805,Design#23,S122P-23,TABEER,S,"  1,990 ","  1,990 ",SHIRT,50%,0%,ACTIVE
5071502806,Design#23,S122P-23,TABEER,M,"  1,990 ","  1,990 ",SHIRT,50%,0%,ACTIVE
5071502807,Design#31,S122P-31,TABEER,M,"  1,990 ","  1,990 ",SHIRT,50%,0%,ACTIVE
5071502808,Design#24,S122P-24,TABEER,XS,"  1,990 ","  1,990 ",SHIRT,50%,0%,ACTIVE
5071502809,Design#24,S122P-24,TABEER,M,"  1,990 ","  1,990 ",SHIRT,50%,0%,ACTIVE
5071502810,Design#24,S122P-24,TABEER,L,"  1,990 ","  1,990 ",SHIRT,50%,0%,ACTIVE
5071502811,Design#23,S122P-23,TABEER,S,"  1,990 ","  1,990 ",SHIRT,50%,0%,ACTIVE
5071502812,Design#23,S122P-23,TABEER,M,"  1,990 ","  1,990 ",SHIRT,50%,0%,ACTIVE
5071502813,Design#23,S122P-23,TABEER,L,"  1,990 ","  1,990 ",SHIRT,50%,0%,ACTIVE
5071502814,Design#31,S122P-31,TABEER,S,"  1,990 ","  1,990 ",SHIRT,50%,0%,ACTIVE
5071502815,Design#31,S122P-31,TABEER,M,"  1,990 ","  1,990 ",SHIRT,50%,0%,ACTIVE
5071502816,Design#31,S122P-31,TABEER,L,"  1,990 ","  1,990 ",SHIRT,50%,0%,ACTIVE
5071502817,Design#24,S122P-24,TABEER,M,"  1,990 ","  1,990 ",SHIRT,50%,0%,ACTIVE
5071502818,Design#24,S122P-24,TABEER,L,"  1,990 ","  1,990 ",SHIRT,50%,0%,ACTIVE
5071502819,Design#23,S122P-23,TABEER,XS,"  1,990 ","  1,990 ",SHIRT,50%,0%,ACTIVE
5071502820,Design#23,S122P-23,TABEER,S,"  1,990 ","  1,990 ",SHIRT,50%,0%,ACTIVE
5071502821,Design#23,S122P-23,TABEER,M,"  1,990 ","  1,990 ",SHIRT,50%,0%,ACTIVE
5071502822,Design#23,S122P-23,TABEER,L,"  1,990 ","  1,990 ",SHIRT,50%,0%,ACTIVE
5071502823,Design#31,S122P-31,TABEER,M,"  1,990 ","  1,990 ",SHIRT,50%,0%,ACTIVE
5071502824,Design#31,S122P-31,TABEER,L,"  1,990 ","  1,990 ",SHIRT,50%,0%,ACTIVE
5071502825,Design#23,S122P-23,TABEER,XS,"  1,990 ","  1,990 ",SHIRT,50%,0%,ACTIVE
5071502826,Design#23,S122P-23,TABEER,L,"  1,990 ","  1,990 ",SHIRT,50%,0%,ACTIVE
5071502827,Design#31,S122P-31,TABEER,M,"  1,990 ","  1,990 ",SHIRT,50%,0%,ACTIVE
5071502828,Design#31,S122P-31,TABEER,L,"  1,990 ","  1,990 ",SHIRT,50%,0%,ACTIVE
5071502829,Design#06,S122P-06,TABEER,XS,"  1,990 ","  1,990 ",SHIRT,50%,0%,ACTIVE
5071502830,Design#06,S122P-06,TABEER,XS,"  1,990 ","  1,990 ",SHIRT,50%,0%,ACTIVE
5071502831,Design#06,S122P-06,TABEER,XS,"  1,990 ","  1,990 ",SHIRT,50%,0%,ACTIVE
5071502832,Design#06,S122P-06,TABEER,S,"  1,990 ","  1,990 ",SHIRT,50%,0%,ACTIVE
5071502833,Design#06,S122P-06,TABEER,S,"  1,990 ","  1,990 ",SHIRT,50%,0%,ACTIVE
5071502834,Design#06,S122P-06,TABEER,S,"  1,990 ","  1,990 ",SHIRT,50%,0%,ACTIVE
5071502835,Design#06,S122P-06,TABEER,M,"  1,990 ","  1,990 ",SHIRT,50%,0%,ACTIVE
5071502836,Design#06,S122P-06,TABEER,M,"  1,990 ","  1,990 ",SHIRT,50%,0%,ACTIVE
5071502837,Design#06,S122P-06,TABEER,M,"  1,990 ","  1,990 ",SHIRT,50%,0%,ACTIVE
5071502838,Design#06,S122P-06,TABEER,L,"  1,990 ","  1,990 ",SHIRT,50%,0%,ACTIVE
5071502839,Design#06,S122P-06,TABEER,L,"  1,990 ","  1,990 ",SHIRT,50%,0%,ACTIVE
5071502840,Design#02,S122P-02,TABEER,M,"  1,990 ","  1,990 ",SHIRT,50%,0%,ACTIVE
5071502841,Design#02,S122P-02,TABEER,M,"  1,990 ","  1,990 ",SHIRT,50%,0%,ACTIVE
5071502842,Design#02,S122P-02,TABEER,M,"  1,990 ","  1,990 ",SHIRT,50%,0%,ACTIVE
5071502843,MAHRU,TS-G-01,GHAZAL25,unstitched,"  9,500 ","  9,500 ",3-PIECE LAWN,35%,0%,ACTIVE
5071502844,NAYAB,TS-G-02,GHAZAL25,unstitched,"  9,500 ","  9,500 ",3-PIECE LAWN,35%,0%,ACTIVE
5071502845,NAQSH,TS-G-04,GHAZAL25,unstitched,"  9,500 ","  9,500 ",3-PIECE LAWN,35%,0%,ACTIVE
5071502846,MEHERBANO,TS-G-05,GHAZAL25,unstitched,"  9,500 ","  9,500 ",3-PIECE LAWN,35%,0%,ACTIVE
5071502847,AFSANA,TS-G-07,GHAZAL25,unstitched,"  9,500 ","  9,500 ",3-PIECE LAWN,35%,0%,ACTIVE
5071502848,ZEBA,TS-G-09,GHAZAL25,unstitched,"  9,500 ","  9,500 ",3-PIECE LAWN,35%,0%,ACTIVE
5071502849,FEROZA,TS-G-11,GHAZAL25,unstitched,"  9,500 ","  9,500 ",3-PIECE LAWN,35%,0%,ACTIVE
5071502850,LALARUKH,TS-G-12,GHAZAL25,unstitched,"  9,500 ","  9,500 ",3-PIECE LAWN,35%,0%,ACTIVE
5071502851,SUMBAL,TS-G-13,GHAZAL25,unstitched,"  9,500 ","  9,500 ",3-PIECE LAWN,35%,0%,ACTIVE
5071502852,GULBAHAR,TS-G-14,GHAZAL25,unstitched,"  9,500 ","  9,500 ",3-PIECE LAWN,35%,0%,ACTIVE
5071502853,NAZNEEN,TS-G-16,GHAZAL25,unstitched,"  9,500 ","  9,500 ",3-PIECE LAWN,35%,0%,ACTIVE
5071502854,MAHRU,TS-G-01,GHAZAL25,unstitched,"  9,500 ","  9,500 ",3-PIECE LAWN,35%,0%,ACTIVE
5071502855,NAYAB,TS-G-02,GHAZAL25,unstitched,"  9,500 ","  9,500 ",3-PIECE LAWN,35%,0%,ACTIVE
5071502856,NAQSH,TS-G-04,GHAZAL25,unstitched,"  9,500 ","  9,500 ",3-PIECE LAWN,35%,0%,ACTIVE
5071502857,MEHERBANO,TS-G-05,GHAZAL25,unstitched,"  9,500 ","  9,500 ",3-PIECE LAWN,35%,0%,ACTIVE
5071502858,AFSANA,TS-G-07,GHAZAL25,unstitched,"  9,500 ","  9,500 ",3-PIECE LAWN,35%,0%,ACTIVE
5071502859,ZEBA,TS-G-09,GHAZAL25,unstitched,"  9,500 ","  9,500 ",3-PIECE LAWN,35%,0%,ACTIVE
5071502860,FEROZA,TS-G-11,GHAZAL25,unstitched,"  9,500 ","  9,500 ",3-PIECE LAWN,35%,0%,ACTIVE
5071502861,LALARUKH,TS-G-12,GHAZAL25,unstitched,"  9,500 ","  9,500 ",3-PIECE LAWN,35%,0%,ACTIVE
5071502862,SUMBAL,TS-G-13,GHAZAL25,unstitched,"  9,500 ","  9,500 ",3-PIECE LAWN,35%,0%,ACTIVE
5071502863,GULBAHAR,TS-G-14,GHAZAL25,unstitched,"  9,500 ","  9,500 ",3-PIECE LAWN,35%,0%,ACTIVE
5071502864,NAZNEEN,TS-G-16,GHAZAL25,unstitched,"  9,500 ","  9,500 ",3-PIECE LAWN,35%,0%,ACTIVE
5071502865,DILNAZ,TS-G-03,GHAZAL25,S,"  12,500 ","  12,500 ",3-PIECE LAWN,35%,0%,ACTIVE
5071502866,DILNAZ,TS-G-03,GHAZAL25,M,"  12,500 ","  12,500 ",3-PIECE LAWN,35%,0%,ACTIVE
5071502867,DILNAZ,TS-G-03,GHAZAL25,L,"  12,500 ","  12,500 ",3-PIECE LAWN,35%,0%,ACTIVE
5071502868,DILNAZ,TS-G-03,GHAZAL25,XL,"  12,500 ","  12,500 ",3-PIECE LAWN,35%,0%,ACTIVE
5071502869,NAQSH,TS-G-04,GHAZAL25,S,"  12,500 ","  12,500 ",3-PIECE LAWN,35%,0%,ACTIVE
5071502870,NAQSH,TS-G-04,GHAZAL25,M,"  12,500 ","  12,500 ",3-PIECE LAWN,35%,0%,ACTIVE
5071502871,NAQSH,TS-G-04,GHAZAL25,L,"  12,500 ","  12,500 ",3-PIECE LAWN,35%,0%,ACTIVE
5071502872,NAQSH,TS-G-04,GHAZAL25,XL,"  12,500 ","  12,500 ",3-PIECE LAWN,35%,0%,ACTIVE
5071502873,MEHERBANO,TS-G-05,GHAZAL25,S,"  12,500 ","  12,500 ",3-PIECE LAWN,35%,0%,ACTIVE
5071502874,MEHERBANO,TS-G-05,GHAZAL25,M,"  12,500 ","  12,500 ",3-PIECE LAWN,35%,0%,ACTIVE
5071502875,MEHERBANO,TS-G-05,GHAZAL25,L,"  12,500 ","  12,500 ",3-PIECE LAWN,35%,0%,ACTIVE
5071502876,MEHERBANO,TS-G-05,GHAZAL25,XL,"  12,500 ","  12,500 ",3-PIECE LAWN,35%,0%,ACTIVE
5071502877,AFSANA,TS-G-07,GHAZAL25,S,"  12,500 ","  12,500 ",3-PIECE LAWN,35%,0%,ACTIVE
5071502878,AFSANA,TS-G-07,GHAZAL25,M,"  12,500 ","  12,500 ",3-PIECE LAWN,35%,0%,ACTIVE
5071502879,AFSANA,TS-G-07,GHAZAL25,L,"  12,500 ","  12,500 ",3-PIECE LAWN,35%,0%,ACTIVE
5071502880,AFSANA,TS-G-07,GHAZAL25,XL,"  12,500 ","  12,500 ",3-PIECE LAWN,35%,0%,ACTIVE
5071502881,SHEHNAZ,TS-G-10,GHAZAL25,S,"  12,500 ","  12,500 ",3-PIECE LAWN,35%,0%,ACTIVE
5071502882,SHEHNAZ,TS-G-10,GHAZAL25,M,"  12,500 ","  12,500 ",3-PIECE LAWN,35%,0%,ACTIVE
5071502883,SHEHNAZ,TS-G-10,GHAZAL25,L,"  12,500 ","  12,500 ",3-PIECE LAWN,35%,0%,ACTIVE
5071502884,SHEHNAZ,TS-G-10,GHAZAL25,XL,"  12,500 ","  12,500 ",3-PIECE LAWN,35%,0%,ACTIVE
5071502885,FEROZA,TS-G-11,GHAZAL25,S,"  12,500 ","  12,500 ",3-PIECE LAWN,35%,0%,ACTIVE
5071502886,FEROZA,TS-G-11,GHAZAL25,M,"  12,500 ","  12,500 ",3-PIECE LAWN,35%,0%,ACTIVE
5071502887,FEROZA,TS-G-11,GHAZAL25,L,"  12,500 ","  12,500 ",3-PIECE LAWN,35%,0%,ACTIVE
5071502888,FEROZA,TS-G-11,GHAZAL25,XL,"  12,500 ","  12,500 ",3-PIECE LAWN,35%,0%,ACTIVE
5071502889,LALARUKH,TS-G-12,GHAZAL25,S,"  12,500 ","  12,500 ",3-PIECE LAWN,35%,0%,ACTIVE
5071502890,LALARUKH,TS-G-12,GHAZAL25,M,"  12,500 ","  12,500 ",3-PIECE LAWN,35%,0%,ACTIVE
5071502891,LALARUKH,TS-G-12,GHAZAL25,L,"  12,500 ","  12,500 ",3-PIECE LAWN,35%,0%,ACTIVE
5071502892,LALARUKH,TS-G-12,GHAZAL25,XL,"  12,500 ","  12,500 ",3-PIECE LAWN,35%,0%,ACTIVE
5071502893,SUMBAL,TS-G-13,GHAZAL25,S,"  12,500 ","  12,500 ",3-PIECE LAWN,35%,0%,ACTIVE
5071502894,SUMBAL,TS-G-13,GHAZAL25,M,"  12,500 ","  12,500 ",3-PIECE LAWN,35%,0%,ACTIVE
5071502895,SUMBAL,TS-G-13,GHAZAL25,L,"  12,500 ","  12,500 ",3-PIECE LAWN,35%,0%,ACTIVE
5071502896,SUMBAL,TS-G-13,GHAZAL25,XL,"  12,500 ","  12,500 ",3-PIECE LAWN,35%,0%,ACTIVE
5071502897,GULBAHAR,TS-G-14,GHAZAL25,S,"  12,500 ","  12,500 ",3-PIECE LAWN,35%,0%,ACTIVE
5071502898,GULBAHAR,TS-G-14,GHAZAL25,M,"  12,500 ","  12,500 ",3-PIECE LAWN,35%,0%,ACTIVE
5071502899,NAZNEEN,TS-G-16,GHAZAL25,S,"  12,500 ","  12,500 ",3-PIECE LAWN,35%,0%,ACTIVE
5071502900,NAZNEEN,TS-G-16,GHAZAL25,M,"  12,500 ","  12,500 ",3-PIECE LAWN,35%,0%,ACTIVE
5071502901,NAZNEEN,TS-G-16,GHAZAL25,L,"  12,500 ","  12,500 ",3-PIECE LAWN,35%,0%,ACTIVE
5071502902,NAZNEEN,TS-G-16,GHAZAL25,XL,"  12,500 ","  12,500 ",3-PIECE LAWN,35%,0%,ACTIVE
5071502903,Solid Beige,SSP-01,Palette,S,5250,5250,2-PIECE Cotton ,35%,0%,ACTIVE
5071502904,Solid Beige,SSP-01,Palette,M,5250,5250,2-PIECE Cotton ,35%,0%,ACTIVE
5071502905,Solid Beige,SSP-01,Palette,M,5250,5250,2-PIECE Cotton ,35%,0%,ACTIVE
5071502906,Solid Beige,SSP-01,Palette,M,5250,5250,2-PIECE Cotton ,35%,0%,ACTIVE
5071502907,Solid Beige,SSP-01,Palette,L,5250,5250,2-PIECE Cotton ,35%,0%,ACTIVE
5071502908,Solid Beige,SSP-01,Palette,L,5250,5250,2-PIECE Cotton ,35%,0%,ACTIVE
5071502909,Solid Beige,SSP-01,Palette,L,5250,5250,2-PIECE Cotton ,35%,0%,ACTIVE
5071502910,Solid Orange,SSP-02,Palette,S,5250,5250,2-PIECE Cotton ,35%,0%,ACTIVE
5071502911,Solid Orange,SSP-02,Palette,S,5250,5250,2-PIECE Cotton ,35%,0%,ACTIVE
5071502912,Solid Orange,SSP-02,Palette,M,5250,5250,2-PIECE Cotton ,35%,0%,ACTIVE
5071502913,Solid Orange,SSP-02,Palette,M,5250,5250,2-PIECE Cotton ,35%,0%,ACTIVE
5071502914,Solid Orange,SSP-02,Palette,M,5250,5250,2-PIECE Cotton ,35%,0%,ACTIVE
5071502915,Solid Orange,SSP-02,Palette,L,5250,5250,2-PIECE Cotton ,35%,0%,ACTIVE
5071502916,Solid Orange,SSP-02,Palette,L,5250,5250,2-PIECE Cotton ,35%,0%,ACTIVE
5071502917,Solid Orange,SSP-02,Palette,L,5250,5250,2-PIECE Cotton ,35%,0%,ACTIVE
5071502918,MAHRU,TS-G-01,GHAZAL25,S,"  12,500 ","  12,500 ",3-PIECE LAWN,35%,0%,ACTIVE
5071502919,MAHRU,TS-G-01,GHAZAL25,M,"  12,500 ","  12,500 ",3-PIECE LAWN,35%,0%,ACTIVE
5071502920,MAHRU,TS-G-01,GHAZAL25,L,"  12,500 ","  12,500 ",3-PIECE LAWN,35%,0%,ACTIVE
5071502921,MAHRU,TS-G-01,GHAZAL25,XL,"  12,500 ","  12,500 ",3-PIECE LAWN,35%,0%,ACTIVE
5071502922,NAYAB,TS-G-02,GHAZAL25,S,"  12,500 ","  12,500 ",3-PIECE LAWN,35%,0%,ACTIVE
5071502923,NAYAB,TS-G-02,GHAZAL25,M,"  12,500 ","  12,500 ",3-PIECE LAWN,35%,0%,ACTIVE
5071502924,NAYAB,TS-G-02,GHAZAL25,L,"  12,500 ","  12,500 ",3-PIECE LAWN,35%,0%,ACTIVE
5071502925,NAYAB,TS-G-02,GHAZAL25,XL,"  12,500 ","  12,500 ",3-PIECE LAWN,35%,0%,ACTIVE
5071502926,ZUNAIRA,TS-G-06,GHAZAL25,S,"  12,500 ","  12,500 ",3-PIECE LAWN,35%,0%,ACTIVE
5071502927,ZUNAIRA,TS-G-06,GHAZAL25,M,"  12,500 ","  12,500 ",3-PIECE LAWN,35%,0%,ACTIVE
5071502928,ZUNAIRA,TS-G-06,GHAZAL25,L,"  12,500 ","  12,500 ",3-PIECE LAWN,35%,0%,ACTIVE
5071502929,ZUNAIRA,TS-G-06,GHAZAL25,XL,"  12,500 ","  12,500 ",3-PIECE LAWN,35%,0%,ACTIVE
5071502930,PARIZAD,TS-G-08,GHAZAL25,S,"  12,500 ","  12,500 ",3-PIECE LAWN,35%,0%,ACTIVE
5071502931,PARIZAD,TS-G-08,GHAZAL25,M,"  12,500 ","  12,500 ",3-PIECE LAWN,35%,0%,ACTIVE
5071502932,PARIZAD,TS-G-08,GHAZAL25,L,"  12,500 ","  12,500 ",3-PIECE LAWN,35%,0%,ACTIVE
5071502933,PARIZAD,TS-G-08,GHAZAL25,XL,"  12,500 ","  12,500 ",3-PIECE LAWN,35%,0%,ACTIVE
5071502934,ZEBA,TS-G-09,GHAZAL25,S,"  12,500 ","  12,500 ",3-PIECE LAWN,35%,0%,ACTIVE
5071502935,ZEBA,TS-G-09,GHAZAL25,M,"  12,500 ","  12,500 ",3-PIECE LAWN,35%,0%,ACTIVE
5071502936,ZEBA,TS-G-09,GHAZAL25,L,"  12,500 ","  12,500 ",3-PIECE LAWN,35%,0%,ACTIVE
5071502937,ZEBA,TS-G-09,GHAZAL25,XL,"  12,500 ","  12,500 ",3-PIECE LAWN,35%,0%,ACTIVE
5071502938,GULBAHAR,TS-G-14,GHAZAL25,L,"  12,500 ","  12,500 ",3-PIECE LAWN,35%,0%,ACTIVE
5071502939,GULBAHAR,TS-G-14,GHAZAL25,XL,"  12,500 ","  12,500 ",3-PIECE LAWN,35%,0%,ACTIVE
5071502940,JAHANARA,TS-G-15,GHAZAL25,S,"  12,500 ","  12,500 ",3-PIECE LAWN,35%,0%,ACTIVE
5071502941,JAHANARA,TS-G-15,GHAZAL25,M,"  12,500 ","  12,500 ",3-PIECE LAWN,35%,0%,ACTIVE
5071502942,JAHANARA,TS-G-15,GHAZAL25,L,"  12,500 ","  12,500 ",3-PIECE LAWN,35%,0%,ACTIVE
5071502943,JAHANARA,TS-G-15,GHAZAL25,XL,"  12,500 ","  12,500 ",3-PIECE LAWN,35%,0%,ACTIVE
5080502944,BERRY BLUE,PBN-251,NAZM 2,unstitched,"  6,250 ","  6,250 ",3-PIECE LAWN 2,50%,0%,ACTIVE
5080502945,BERRY BLUE,PBN-251,NAZM 2,unstitched,"  6,250 ","  6,250 ",3-PIECE LAWN 2,50%,0%,ACTIVE
5080502946,BERRY BLUE,PBN-251,NAZM 2,unstitched,"  6,250 ","  6,250 ",3-PIECE LAWN 2,50%,0%,ACTIVE
5080502947,PEACH BLUSH,PBN-252,NAZM 2,unstitched,"  6,250 ","  6,250 ",3-PIECE LAWN 2,50%,0%,ACTIVE
5080502948,BERRY,PBN-253,NAZM 2,unstitched,"  6,250 ","  6,250 ",3-PIECE LAWN 2,50%,0%,ACTIVE
5080502949,BERRY,PBN-253,NAZM 2,unstitched,"  6,250 ","  6,250 ",3-PIECE LAWN 2,50%,0%,ACTIVE
5080502950,BERRY,PBN-253,NAZM 2,unstitched,"  6,250 ","  6,250 ",3-PIECE LAWN 2,50%,0%,ACTIVE
5080502951,BERRY,PBN-253,NAZM 2,unstitched,"  6,250 ","  6,250 ",3-PIECE LAWN 2,50%,0%,ACTIVE
5080502952,BERRY,PBN-253,NAZM 2,unstitched,"  6,250 ","  6,250 ",3-PIECE LAWN 2,50%,0%,ACTIVE
5080502953,BERRY,PBN-253,NAZM 2,unstitched,"  6,250 ","  6,250 ",3-PIECE LAWN 2,50%,0%,ACTIVE
5080502954,AQUA MARINE,PBN-254,NAZM 2,unstitched,"  6,250 ","  6,250 ",3-PIECE LAWN 2,50%,0%,ACTIVE
5080502955,AQUA MARINE,PBN-254,NAZM 2,unstitched,"  6,250 ","  6,250 ",3-PIECE LAWN 2,50%,0%,ACTIVE
5080502956,BLUE OCEAN,PBN-255,NAZM 2,unstitched,"  6,250 ","  6,250 ",3-PIECE LAWN 2,50%,0%,ACTIVE
5080502957,BLUE OCEAN,PBN-255,NAZM 2,unstitched,"  6,250 ","  6,250 ",3-PIECE LAWN 2,50%,0%,ACTIVE
5080502958,YELLOW CANDY,PBN-256,NAZM 2,unstitched,"  6,250 ","  6,250 ",3-PIECE LAWN 2,50%,0%,ACTIVE
5080502959,YELLOW CANDY,PBN-256,NAZM 2,unstitched,"  6,250 ","  6,250 ",3-PIECE LAWN 2,50%,0%,ACTIVE
5080502960,YELLOW CANDY,PBN-256,NAZM 2,unstitched,"  6,250 ","  6,250 ",3-PIECE LAWN 2,50%,0%,ACTIVE
5080502961,YELLOW CANDY,PBN-256,NAZM 2,unstitched,"  6,250 ","  6,250 ",3-PIECE LAWN 2,50%,0%,ACTIVE
5080502962,YELLOW CANDY,PBN-256,NAZM 2,unstitched,"  6,250 ","  6,250 ",3-PIECE LAWN 2,50%,0%,ACTIVE
5080502963,YELLOW CANDY,PBN-256,NAZM 2,unstitched,"  6,250 ","  6,250 ",3-PIECE LAWN 2,50%,0%,ACTIVE
5080502964,YELLOW CANDY,PBN-256,NAZM 2,unstitched,"  6,250 ","  6,250 ",3-PIECE LAWN 2,50%,0%,ACTIVE
5080502965,TURQUOISE,PBN-257,NAZM 2,unstitched,"  6,250 ","  6,250 ",3-PIECE LAWN 2,50%,0%,ACTIVE
5080502966,TURQUOISE,PBN-257,NAZM 2,unstitched,"  6,250 ","  6,250 ",3-PIECE LAWN 2,50%,0%,ACTIVE
5080502967,TURQUOISE,PBN-257,NAZM 2,unstitched,"  6,250 ","  6,250 ",3-PIECE LAWN 2,50%,0%,ACTIVE
5080502968,TURQUOISE,PBN-257,NAZM 2,unstitched,"  6,250 ","  6,250 ",3-PIECE LAWN 2,50%,0%,ACTIVE
5080502969,TURQUOISE,PBN-257,NAZM 2,unstitched,"  6,250 ","  6,250 ",3-PIECE LAWN 2,50%,0%,ACTIVE
5080502970,TURQUOISE,PBN-257,NAZM 2,unstitched,"  6,250 ","  6,250 ",3-PIECE LAWN 2,50%,0%,ACTIVE
5080502971,TURQUOISE,PBN-257,NAZM 2,unstitched,"  6,250 ","  6,250 ",3-PIECE LAWN 2,50%,0%,ACTIVE
5080502972,TURQUOISE,PBN-257,NAZM 2,unstitched,"  6,250 ","  6,250 ",3-PIECE LAWN 2,50%,0%,ACTIVE
5080502973,TURQUOISE,PBN-257,NAZM 2,unstitched,"  6,250 ","  6,250 ",3-PIECE LAWN 2,50%,0%,ACTIVE
5080502974,TURQUOISE,PBN-257,NAZM 2,unstitched,"  6,250 ","  6,250 ",3-PIECE LAWN 2,50%,0%,ACTIVE
5080502975,TURQUOISE,PBN-257,NAZM 2,unstitched,"  6,250 ","  6,250 ",3-PIECE LAWN 2,50%,0%,ACTIVE
5080502976,TURQUOISE,PBN-257,NAZM 2,unstitched,"  6,250 ","  6,250 ",3-PIECE LAWN 2,50%,0%,ACTIVE
5080502977,SEA FLORAL,PBN-258,NAZM 2,unstitched,"  6,250 ","  6,250 ",3-PIECE LAWN 2,50%,0%,ACTIVE
5080502978,SEA FLORAL,PBN-258,NAZM 2,unstitched,"  6,250 ","  6,250 ",3-PIECE LAWN 2,50%,0%,ACTIVE
5080502979,SEA FLORAL,PBN-258,NAZM 2,unstitched,"  6,250 ","  6,250 ",3-PIECE LAWN 2,50%,0%,ACTIVE
5080502980,SEA FLORAL,PBN-258,NAZM 2,unstitched,"  6,250 ","  6,250 ",3-PIECE LAWN 2,50%,0%,ACTIVE
5080502981,SEA FLORAL,PBN-258,NAZM 2,unstitched,"  6,250 ","  6,250 ",3-PIECE LAWN 2,50%,0%,ACTIVE
5080502982,SEA FLORAL,PBN-258,NAZM 2,unstitched,"  6,250 ","  6,250 ",3-PIECE LAWN 2,50%,0%,ACTIVE
5080502983,SEA FLORAL,PBN-258,NAZM 2,unstitched,"  6,250 ","  6,250 ",3-PIECE LAWN 2,50%,0%,ACTIVE
5080502984,AZURE,PBN-259,NAZM 2,unstitched,"  6,250 ","  6,250 ",3-PIECE LAWN 2,50%,0%,ACTIVE
5080502985,AZURE,PBN-259,NAZM 2,unstitched,"  6,250 ","  6,250 ",3-PIECE LAWN 2,50%,0%,ACTIVE